Name,Type,Location,Communitys Rating,# Ratings,Expert,Expert Score,ABV %,Cost,Cask
4 COPAS TEQUILA BLANCO,TEQUILA BLANCO,"4 COPAS // JALISCO, MEXICO",4.37,44,JACK ROBERTIELLO,98,40.0,2,UNAGED
MEZCAL LOS SIETE MISTERIOS PECHUGA,MEZCAL JOVEN,"LOS SIETE MISTERIOS // OAXACA, MEXICO",4.41,37,OMARI WHEAT,98,58.5,5,NONE
DEL MAGUEY ARROQUEÑO MEZCAL,MEZCAL JOVEN,"DEL MAGUEY // OAXACA, MEXICO",4.5,71,OMARI WHEAT,98,49.0,4,
FUENTESECA RESERVA EXTRA AÑEJO TEQUILA 9 AÑOS,TEQUILA EXTRA AÑEJO,"FUENTESECA // LOS ALTOS, JALISCO, MEXICO",4.11,8,DUNCAN MCROBERTS,98,43.0,5,AMERICAN OAK EX-RED WINE BARRELS (85%) AND USED FRENCH OAK (15%)
MIJENTA TEQUILA AÑEJO GRAN RESERVA,TEQUILA AÑEJO,"MIJENTA // LOS ALTOS, JALISCO, MEXICO",4.25,7,STEPHANIE MORENO,97,40.0,5,"AMERICAN WHITE OAK, FRENCH OAK, FRENCH ACACIA BARRELS, CHERRY OAK CASKS"
CLASE AZUL TEQUILA REPOSADO,TEQUILA REPOSADO,"CLASE AZUL // LOS ALTOS, JALISCO, MEXICO",4.59,836,BROCK SCHULTE,97,40.0,4,
DULCE VIDA EXTRA AÑEJO TEQUILA,TEQUILA EXTRA AÑEJO,"DULCE VIDA // LOS ALTOS, JALISCO, MEXICO",4.31,31,RON BECHTOL,97,50.0,4,EX-RED WINE BARRELS
TEQUILA TAPATIO EXCELENCIA GRAN RESERVA LOT 1,TEQUILA EXTRA AÑEJO,"TEQUILA TAPATIO // LOS ALTOS, JALISCO, MEXICO",4.78,52,AMANDA SCHUSTER,97,40.0,5,"NEW, CHARRED AMERICAN OAK; RESTED IN GLASS"
FORTALEZA AÑEJO TEQUILA,TEQUILA AÑEJO,"TEQUILA FORTALEZA // TEQUILA VALLEY, JALISCO, MEXICO",4.36,120,AMANDA SCHUSTER,97,40.0,4,USED WHISKEY AMERICAN OAK
EL JOLGORIO ARROQUEÑO MEZCAL,MEZCAL JOVEN,"EL JOLGORIO // OAXACA, MEXICO",4.52,17,OMARI WHEAT,97,53.7,5,UNAGED
EL TESORO 85TH ANNIVERSARY EXTRA AÑEJO TEQUILA,TEQUILA EXTRA AÑEJO,"EL TESORO // LOS ALTOS, JALISCO, MEXICO",4.13,2,STEPHANIE MORENO,96,42.5,5,EX-BOOKER'S BOURBON 30TH ANNIVERSARY BARRELS
FORTALEZA BLANCO STILL STRENGTH TEQUILA,TEQUILA BLANCO,"TEQUILA FORTALEZA // TEQUILA VALLEY, JALISCO, MEXICO",4.45,38,AMANDA SCHUSTER,96,46.0,3,UNAGED
TEQUILA ARTENOM SELECCIÓN DE 1579 BLANCO,TEQUILA BLANCO,"TEQUILA ARTENOM // LOS ALTOS, JALISCO, MEXICO",4.3,27,FORREST COKELY,96,,3,
DON AMADO AÑEJO MEZCAL,MEZCAL AÑEJO,"DON AMADO // OAXACA, MEXICO",4.2,11,JOHN RANKIN,96,43.5,3,AMERICAN WHITE OAK - EX PEDRO DOMECQ BRANDY
GRAN PATRÓN BURDEOS AÑEJO TEQUILA,TEQUILA AÑEJO,"GRAN PATRÓN // LOS ALTOS, JALISCO, MEXICO",4.79,29,ANNA ARCHIBALD,96,40.0,5,AMERICAN AND FRENCH OAK FINISHED IN EX BORDEAUX WINE BARRELS
ARTA TEQUILA EXTRA AÑEJO,TEQUILA EXTRA AÑEJO,"ARTA TEQUILA // TEQUILA VALLEY, JALISCO, MEXICO",4.58,13,AMANDA SCHUSTER,96,43.0,4,"EX-BOURBON, EX-SHERRY, AND EX-COGNAC"
REAL MINERO BARRIL MEZCAL,MEZCAL JOVEN,"REAL MINERO // OAXACA, MEXICO",4.26,26,OMARI WHEAT,96,49.9,4,UNAGED
MEZCAL PIERDE ALMAS WILD TEPEXTATE,MEZCAL JOVEN,"MEZCAL PIERDE ALMAS // OAXACA, MEXICO",4.14,7,RON BECHTOL,96,50.0,4,
SOTOL POR SIEMPRE,SOTOL,"POR SIEMPRE // CHIHUAHUA, MEXICO",4.05,54,DISTILLER STAFF,96,45.0,2,UNAGED
KOCH EL MEZCAL COYOTE,MEZCAL JOVEN,"OAXACA, MEXICO",4.1,6,OMARI WHEAT,96,47.0,4,
TEARS OF LLORONA EXTRA AÑEJO TEQUILA,TEQUILA EXTRA AÑEJO,"TEARS OF LLORONA // LOS ALTOS, JALISCO, MEXICO",4.71,101,RON BECHTOL,96,43.0,5,"FORMER SCOTCH, SHERRY, AND COGNAC BARRELS"
T1 TEQUILA REPOSADO EXCEPCIONAL,TEQUILA REPOSADO,"T1 TEQUILA UNO // LOS ALTOS, JALISCO, MEXICO",4.43,11,RON BECHTOL,96,40.0,3,EX-WHISKY
CORRALEJO REPOSADO TEQUILA,TEQUILA REPOSADO,"GUANAJUATO, MEXICO",4.08,434,AMANDA SCHUSTER,96,40.0,2,"FRENCH, AMERICAN, AND WHITE OAK"
CHINACO AÑEJO TEQUILA,TEQUILA AÑEJO,"CHINACO // TAMAULIPAS, MEXICO",4.05,44,DUNCAN MCROBERTS,96,40.0,3,
EL JOLGORIO TOBALÁ MEZCAL,MEZCAL JOVEN,"EL JOLGORIO // OAXACA, MEXICO",4.59,41,OMARI WHEAT,96,47.0,4,UNAGED
DON FULANO 20TH ANNIVERSARY EDITION,TEQUILA AÑEJO,"DON FULANO // LOS ALTOS, JALISCO, MEXICO",5.0,1,AMANDA SCHUSTER,95,44.4,5,"EX-OLOROSO, EX-AMONTILLADO, EX-BURGUNDY FRENCH OAK"
CASA DRAGONES REPOSADO MIZUNARA,TEQUILA REPOSADO,"CASA DRAGONES // TEQUILA VALLEY, JALISCO, MEXICO",4.25,3,STEPHANIE MORENO,95,40.0,5,MIZUNARA JAPANESE OAK
LOS VECINOS DEL CAMPO ESPADIN MEZCAL,MEZCAL JOVEN,"LOS VECINOS DEL CAMPO // OAXACA, MEXICO",3.81,41,JACK ROBERTIELLO,95,45.0,2,UNAGED
DON AMADO LARGO MEZCAL,MEZCAL JOVEN,"DON AMADO // OAXACA, MEXICO",4.19,10,FORREST COKELY,95,46.0,4,UNAGED
PATRÓN CASK COLLECTION SHERRY AÑEJO,TEQUILA AÑEJO,"PATRÓN // LOS ALTOS, JALISCO, MEXICO",4.0,3,BRAD JAPHE,95,40.0,4,SHERRY BUTTS
MEZCALES DE LEYENDA PUEBLA,MEZCAL JOVEN,"MEZCAL DE LEYENDAS // PUEBLA, MEXICO",3.85,15,JOHN RANKIN,95,48.0,4,UNAGED
123 ORGANIC EXTRA AÑEJO DIABLITO TEQUILA,TEQUILA EXTRA AÑEJO,"123 SPIRITS // JALISCO, MEXICO",4.61,19,AMANDA SCHUSTER,95,40.0,5,"NEW, CHARRED FRENCH OAK"
DEL MAGUEY PECHUGA MEZCAL,MEZCAL JOVEN,"DEL MAGUEY // OAXACA, MEXICO",4.44,65,KELLEY SLAGLE,95,49.0,5,UNAGED
WAHAKA MEZCAL TOBALÁ,MEZCAL JOVEN,"WAHAKA MEZCAL // OAXACA, MEXICO",4.38,18,DANIEL DJANG,95,42.0,3,UNAGED
WAHAKA MEZCAL JOVEN MADRE CUISHE,MEZCAL JOVEN,"WAHAKA MEZCAL // OAXACA, MEXICO",4.09,17,DANIEL DJANG,95,42.0,3,UNAGED
DON PILAR EXTRA AÑEJO TEQUILA,TEQUILA EXTRA AÑEJO,"DON PILAR // LOS ALTOS, JALISCO, MEXICO",4.45,6,AMANDA SCHUSTER,95,40.0,5,AMERICAN WHITE OAK AND FRENCH LIMOUSIN OAK
FUENTESECA RESERVA EXTRA AÑEJO TEQUILA 21 AÑOS,TEQUILA EXTRA AÑEJO,"LOS ALTOS, JALISCO, MEXICO",4.81,4,JACOB GRIER,95,43.5,5,
MEZCAL VAGO TOBALÁ,MEZCAL JOVEN,"MEZCAL VAGO // OAXACA, MEXICO",4.33,25,DUNCAN MCROBERTS,95,51.0,4,UNAGED
DON JULIO AÑEJO TEQUILA,TEQUILA AÑEJO,"LOS ALTOS, JALISCO, MEXICO",4.22,494,RON BECHTOL,95,40.0,3,
DULCE VIDA AÑEJO 100 PROOF TEQUILA,TEQUILA AÑEJO,"DULCE VIDA // LOS ALTOS, JALISCO, MEXICO",4.3,31,RON BECHTOL,95,50.0,2,AMERICAN OAK EX-BOURBON
ESPÍRITU LAURO AÑEJO MEZCAL,MEZCAL AÑEJO,"OAXACA, MEXICO",3.64,7,AMANDA SCHUSTER,95,40.0,4,
T1 TEQUILA BLANCO ULTRA FINO,TEQUILA BLANCO,"T1 TEQUILA UNO // LOS ALTOS, JALISCO, MEXICO",4.54,11,RON BECHTOL,95,40.0,2,
GRAN CENTENARIO PLATA TEQUILA,TEQUILA BLANCO,"GRAN CENTENARIO // JALISCO, MEXICO",4.1,94,AMANDA SCHUSTER,95,40.0,2,FRENCH LIMOUSIN OAK
TEQUILA OCHO REPOSADO LAS POMEZ 2009,TEQUILA REPOSADO,"TEQUILA OCHO // LOS ALTOS, JALISCO, MEXICO",4.64,7,DANIEL DJANG,95,40.0,3,TEQUILA-SEASONED AMERICAN OAK EX-AMERICAN WHISKEY BARRELS
SIEMBRA AZUL 10TH ANNIVERSARY REPOSADO TEQUILA,TEQUILA REPOSADO,"SIEMBRA AZUL // JALISCO, MEXICO",4.72,9,AMANDA SCHUSTER,95,40.0,2,"NEW, WHITE MISSOURI OAK"
TEQUILA OCHO PLATA MIRANDILLAS PUNTAS DISTILLER'S CUT 2024,TEQUILA BLANCO,"TEQUILA OCHO // LOS ALTOS, JALISCO, MEXICO",4.5,2,STEPHANIE MORENO,94,54.0,3,
PRÓSPERO BLANCO TEQUILA,TEQUILA BLANCO,"PRÓSPERO // TEQUILA VALLEY, JALISCO, MEXICO",3.59,9,ANNA ARCHIBALD,94,40.0,2,UNAGED
TEQUILA EL MAYOR SINGLE ESTATE LOS LOBOS PLANTATION BLANCO,TEQUILA BLANCO,"TEQUILA EL MAYOR // JALISCO, MEXICO",4.0,6,JOHN RANKIN,94,40.0,4,UNAGED
DON AMADO PECHUGA MEZCAL,MEZCAL JOVEN,"DON AMADO // OAXACA, MEXICO",4.5,3,FORREST COKELY,94,46.0,4,UNAGED
DON AMADO ARROQUEÑO MEZCAL,MEZCAL JOVEN,"DON AMADO // OAXACA, MEXICO",3.96,7,FORREST COKELY,94,47.0,4,UNAGED
SOTOL COYOTE BLANCO CHIHUAHUA,SOTOL,"COYOTE // CHIHUAHUA, MEXICO",4.18,10,JOHN RANKIN,94,48.0,3,
4 COPAS TEQUILA AÑEJO,TEQUILA AÑEJO,"4 COPAS // JALISCO, MEXICO",4.46,12,JACK ROBERTIELLO,94,40.0,3,AMERICAN OAK
DON PILAR REPOSADO TEQUILA,TEQUILA REPOSADO,"DON PILAR // LOS ALTOS, JALISCO, MEXICO",4.75,1,AMANDA SCHUSTER,94,40.0,2,VIRGIN WHITE OAK
ARTA TEQUILA AÑEJO,TEQUILA AÑEJO,"ARTA TEQUILA // TEQUILA VALLEY, JALISCO, MEXICO",4.48,7,AMANDA SCHUSTER,94,40.0,2,EX-BOURBON
SIEMBRA METL CENIZO MEZCAL,MEZCAL JOVEN,"SIEMBRA METL // MICHOACAN, MEXICO",3.61,7,OMARI WHEAT,94,48.0,3,NONE
GRACIAS A DIOS MEZCAL TOBALÁ,MEZCAL JOVEN,"GRACIAS A DIOS // OAXACA, MEXICO",4.33,14,AMANDA SCHUSTER,94,45.0,3,
TEQUILA SAN MATIAS GRAN RESERVA EXTRA AÑEJO,TEQUILA EXTRA AÑEJO,"TEQUILA SAN MATIAS // LOS ALTOS, JALISCO, MEXICO",4.38,48,AMANDA SCHUSTER,94,40.0,3,"EX-BOURBON, FRENCH OAK"
WAHAKA MEZCAL JOVEN ENSAMBLE,MEZCAL JOVEN,"WAHAKA MEZCAL // OAXACA, MEXICO",4.6,12,DANIEL DJANG,94,40.0,3,
ILEGAL MEZCAL AÑEJO,MEZCAL AÑEJO,"ILEGAL MEZCAL // OAXACA, MEXICO",4.26,90,AMANDA SCHUSTER,94,40.0,4,NEW & USED AMERICAN OAK
TEQUILA LAPIS PLATINUM,TEQUILA BLANCO,"TEQUILA LAPIS // LOS ALTOS, JALISCO, MEXICO",4.0,2,RON BECHTOL,94,40.0,2,
FUENTESECA RESERVA EXTRA AÑEJO TEQUILA 12 AÑOS,TEQUILA EXTRA AÑEJO,"LOS ALTOS, JALISCO, MEXICO",4.5,3,JACOB GRIER,94,45.0,5,
AVIÓN RESERVA 44 EXTRA AÑEJO,TEQUILA EXTRA AÑEJO,"AVIÓN // LOS ALTOS, JALISCO, MEXICO",4.42,131,PAUL BELBUSTI,94,40.0,4,OAK BARRELS
LA VENENOSA COSTA RAICILLA (GREEN LABEL),RAICILLA,"LA VENENOSA // JALISCO, MEXICO",4.11,26,OMARI WHEAT,94,45.5,3,UNAGED
DON JULIO BLANCO TEQUILA,TEQUILA BLANCO,"LOS ALTOS, JALISCO, MEXICO",3.95,384,RON BECHTOL,94,40.0,2,
BRUXO NO. 4 ENSAMBLE MEZCAL,MEZCAL JOVEN,"OAXACA, MEXICO",4.05,16,AMANDA SCHUSTER,94,46.0,4,
EL JOLGORIO ESPADÍN MEZCAL,MEZCAL JOVEN,"OAXACA, MEXICO",4.42,31,DANIEL DJANG,94,47.8,4,
MEZCAL DE LAS HORMIGAS,MEZCAL JOVEN,"OAXACA, MEXICO",1.0,3,AMANDA SCHUSTER,94,40.0,2,
T1 TEQUILA AÑEJO ESTELAR,TEQUILA AÑEJO,"T1 TEQUILA UNO // LOS ALTOS, JALISCO, MEXICO",4.5,10,RON BECHTOL,94,40.0,3,EX-WHISKY
TEQUILA ARTENOM SELECCIÓN DE 1146 AÑEJO,TEQUILA AÑEJO,"TEQUILA ARTENOM // LOS ALTOS, JALISCO, MEXICO",4.26,70,OMARI WHEAT,94,,4,EX-FRENCH CABERNET FRANC WINE CASKS & AMERICAN OAK
DEL MAGUEY CHICHICAPA MEZCAL,MEZCAL JOVEN,"DEL MAGUEY // OAXACA, MEXICO",4.32,255,OMARI WHEAT,94,46.0,3,UNAGED
EXPRESIONES DEL CORAZÓN OLD RIP VAN WINKLE AÑEJO TEQUILA,TEQUILA AÑEJO,"LOS ALTOS, JALISCO, MEXICO",4.64,11,AMANDA SCHUSTER,94,40.0,3,
FORTALEZA BLANCO TEQUILA,TEQUILA BLANCO,"TEQUILA FORTALEZA // TEQUILA VALLEY, JALISCO, MEXICO",4.45,266,STEPHANIE MORENO,94,40.0,2,
TEQUILA TAPATIO AÑEJO,TEQUILA AÑEJO,"TEQUILA TAPATIO // LOS ALTOS, JALISCO, MEXICO",3.74,25,AMANDA SCHUSTER,94,40.0,2,EX-BOURBON
MEZCALERO NO. 10,MEZCAL JOVEN,"OAXACA, MEXICO",4.0,6,STEPHANIE MORENO,94,46.7,4,
TEQUILA ARTENOM SELECCIÓN DE 1580 BLANCO,TEQUILA BLANCO,"TEQUILA ARTENOM // LOS ALTOS, JALISCO, MEXICO",4.43,7,STEPHANIE MORENO,94,40.0,2,UNAGED
AZUÑIA AÑEJO TEQUILA,TEQUILA AÑEJO,"AZUÑIA // JALISCO, MEXICO",4.41,21,RON BECHTOL,94,40.0,2,AMERICAN OAK
AZUÑIA REPOSADO ORGANIC TEQUILA,TEQUILA REPOSADO,"AZUÑIA // JALISCO, MEXICO",4.09,24,RON BECHTOL,94,40.0,2,AMERICAN OAK
EXPRESIONES DEL CORAZÓN FRENCH OAK AÑEJO TEQUILA (2023 COLLECTION),TEQUILA AÑEJO,"EXPRESIONES DEL CORAZÓN // LOS ALTOS, JALISCO, MEXICO",4.25,1,AMANDA SCHUSTER,93,40.0,3,EX-OLD CHARTER OAK FRENCH OAK BOURBON BARRELS
CIERTO TEQUILA PRIVATE COLLECTION EXTRA AÑEJO,TEQUILA EXTRA AÑEJO,"CIERTO // JALISCO, MEXICO",3.83,4,AMANDA SCHUSTER,93,40.0,5,FRENCH LIMOUSIN OAK
DON JULIO ROSADO,TEQUILA REPOSADO,"DON JULIO // LOS ALTOS, JALISCO, MEXICO",3.54,6,STEPHANIE MORENO,93,40.0,4,RUBY PORT WINE CASKS
FORTALEZA REPOSADO WINTER BLEND 2022,TEQUILA REPOSADO,"TEQUILA FORTALEZA // TEQUILA VALLEY, JALISCO, MEXICO",4.5,5,AMANDA SCHUSTER,93,43.5,4,"AMERICAN OAK, EX-TOKAJI, EX-OLOROSO SHERRY"
EL LUCHADOR REPOSADO TEQUILA,TEQUILA REPOSADO,"EL LUCHADOR // LOS ALTOS, JALISCO, MEXICO",4.25,2,STEPHANIE MORENO,93,40.0,2,WHITE OAK BARRELS
BOZAL GUÍAS DE CALABAZA SACRIFICIO,MEZCAL JOVEN,BOZAL // MEXICO,4.63,2,JAKE EMEN,93,47.0,4,
OAX ORIGINAL TEPEZTATE,MEZCAL JOVEN,"OAX ORIGINAL // OAXACA, MEXICO",4.83,3,JAKE EMEN,93,44.0,5,
HERRADURA LEGEND TEQUILA,TEQUILA AÑEJO,"HERRADURA // TEQUILA VALLEY, JALISCO, MEXICO",4.03,28,STEPHANIE MORENO,93,40.0,4,"GROOVED, HEAVILY-CHARRED AMERICAN WHITE OAK"
CINCORO AÑEJO,TEQUILA AÑEJO,"CINCORO // JALISCO, MEXICO",4.27,52,JAKE EMEN,93,40.0,4,EX-AMERICAN WHISKEY BARRELS
DON JULIO REPOSADO DOUBLE CASK LAGAVULIN FINISH,TEQUILA REPOSADO,"DON JULIO // LOS ALTOS, JALISCO, MEXICO",4.28,43,ANNA ARCHIBALD,93,40.0,3,FINISHED IN LAGAVULIN CASKS
EL TESORO EXTRA AÑEJO 80TH ANNIVERSARY,TEQUILA EXTRA AÑEJO,"EL TESORO // LOS ALTOS, JALISCO, MEXICO",4.63,8,STEPHANIE MORENO,93,41.5,5,AMERICAN OAK EX-BOURBON
MEZCALES DE LEYENDA SAN LUIS POTOSÍ,MEZCAL JOVEN,"MEZCAL DE LEYENDAS // SAN LUIS POTOSÍ, MEXICO",4.28,10,JOHN RANKIN,93,42.0,3,UNAGED
PASOTE TEQUILA BLANCO,TEQUILA BLANCO,"PASOTE // LOS ALTOS, JALISCO, MEXICO",4.17,37,FORREST COKELY,93,40.0,2,UNAGED
HERRADURA COLECCIÓN DE LA CASA RESERVA 2016 PORT CASK FINISHED REPOSADO,TEQUILA REPOSADO,"HERRADURA // JALISCO, MEXICO",4.45,10,RON BECHTOL,93,40.0,4,AMERICAN WHITE OAK AND VINTAGE PORT
REY CAMPERO CUISHE MEZCAL,MEZCAL JOVEN,"REY CAMPERO // OAXACA, MEXICO",4.17,19,AMANDA SCHUSTER,93,48.1,3,UNAGED
TEQUILA ORGULLO PUEBLO VIEJO AÑEJO,TEQUILA AÑEJO,"PUEBLO VIEJO // JALISCO , MEXICO",4.88,6,AMANDA SCHUSTER,93,40.0,2,"EX-BOURBON, FRENCH OAK"
EL JOLGORIO CUIXE MEZCAL,MEZCAL JOVEN,"EL JOLGORIO // OAXACA, MEXICO",4.49,18,JACOB GRIER,93,47.0,4,
TEQUILA OCHO AÑEJO EL VERGEL 2007,TEQUILA AÑEJO,"TEQUILA OCHO // LOS ALTOS, JALISCO, MEXICO",4.31,3,KELLEY SLAGLE,93,40.0,4,USED WHISKEY BARRELS
MEZCAL PIERDE ALMAS TOBAZICHE,MEZCAL JOVEN,"PIERDE ALMAS // OAXACA, MEXICO",4.55,13,DANIEL DJANG,93,48.0,4,
EL TESORO AÑEJO TEQUILA,TEQUILA AÑEJO,"EL TESORO // LOS ALTOS, JALISCO, MEXICO",4.08,114,STEPHANIE MORENO,93,40.0,4,EX-BOURBON
DON FULANO REPOSADO TEQUILA,TEQUILA REPOSADO,"DON FULANO // TEQUILA VALLEY, JALISCO, MEXICO",4.23,23,AMANDA SCHUSTER,93,40.0,3,NEW AND USED FRENCH LIMOUSIN OAK
TEQUILA LAPIS AÑEJO,TEQUILA AÑEJO,"TEQUILA LAPIS // LOS ALTOS, JALISCO, MEXICO",4.3,5,RON BECHTOL,93,40.0,3,FRENCH OAK
FUENTESECA RESERVA EXTRA AÑEJO TEQUILA 18 AÑOS,TEQUILA EXTRA AÑEJO,"LOS ALTOS, JALISCO, MEXICO",5.0,2,JACOB GRIER,93,43.5,5,
REY CAMPERO MEXICANO MEZCAL,MEZCAL JOVEN,"REY CAMPERO // OAXACA, MEXICO",4.33,22,RON BECHTOL,93,48.6,4,
MEZCAL VAGO BLANCO Y NEGRA,MEZCAL JOVEN,"MEZCAL VAGO // OAXACA, MEXICO",3.5,2,DUNCAN MCROBERTS,93,51.6,4,UNAGED
KOCH EL MEZCAL LUMBRE,MEZCAL JOVEN,"KOCH EL MEZCAL // OAXACA, MEXICO",4.45,5,OMARI WHEAT,93,47.0,4,UNAGED
CLASE AZUL TEQUILA PLATA,TEQUILA BLANCO,"CLASE AZUL // LOS ALTOS, JALISCO, MEXICO",4.14,91,BROCK SCHULTE,93,40.0,3,UNAGED
DEL MAGUEY SAN JOSE RIO MINAS MEZCAL,MEZCAL JOVEN,"DEL MAGUEY // OAXACA, MEXICO",4.38,4,OMARI WHEAT,93,48.0,4,UNAGED
MEZCAL MARCA NEGRA DOBADÁN,MEZCAL JOVEN,"OAXACA, MEXICO",4.55,11,DISTILLER STAFF,93,48.0,4,
MARCA NEGRA TOBALÁ MEZCAL,MEZCAL JOVEN,"OAXACA, MEXICO",4.64,31,OMARI WHEAT,93,48.0,4,
MEZCAL LOS SIETE MISTERIOS ARROQUEÑO,MEZCAL JOVEN,"LOS SIETE MISTERIOS // OAXACA, MEXICO",4.38,13,OMARI WHEAT,93,48.7,4,
ESPÍRITU LAURO REPOSADO MEZCAL,MEZCAL REPOSADO,"ESPÍRITU LAURO // OAXACA, MEXICO",4.75,4,AMANDA SCHUSTER,93,40.0,3,AMERICAN OAK EX-WHISKEY
TEQUILA GRAN DOVEJO REPOSADO,TEQUILA REPOSADO,"LOS ALTOS, JALISCO, MEXICO",4.25,1,DISTILLER STAFF,93,40.0,2,
EL JIMADOR AÑEJO TEQUILA,TEQUILA AÑEJO,"TEQUILA VALLEY, JALISCO, MEXICO",3.76,107,DISTILLER STAFF,93,40.0,1,
TEQUILA OCHO EXTRA AÑEJO SAN AGUSTIN 2009,TEQUILA EXTRA AÑEJO,"TEQUILA OCHO // LOS ALTOS, JALISCO, MEXICO",4.52,14,BROCK SCHULTE,93,40.0,5,
TEQUILA OCHO PLATA EL PUERTECITO 2011,TEQUILA BLANCO,"TEQUILA OCHO // LOS ALTOS, JALISCO, MEXICO",4.63,2,DANIEL DJANG,93,40.0,2,
123 ORGANIC REPOSADO (DOS) TEQUILA,TEQUILA REPOSADO,"TEQUILA VALLEY, JALISCO, MEXICO",4.26,42,RYAN CONKLIN,93,40.0,3,
123 ORGANIC AÑEJO (TRES) TEQUILA,TEQUILA AÑEJO,"123 SPIRITS // TEQUILA VALLEY, JALISCO, MEXICO",4.45,49,RYAN CONKLIN,93,40.0,3,WHITE OAK
SIETE LEGUAS BLANCO TEQUILA,TEQUILA BLANCO,"SIETE LEGUAS // LOS ALTOS, JALISCO, MEXICO",4.12,98,STEPHANIE MORENO,93,40.0,2,UNAGED
CAMBIO BLANCO TEQUILA,TEQUILA BLANCO,"CAMBIO TEQUILA // JALISCO, MEXICO",,,AMANDA SCHUSTER,92,46.0,2,USED FRENCH OAK WINE BARRELS
CIERTO TEQUILA PRIVATE COLLECTION AÑEJO,TEQUILA AÑEJO,"CIERTO // JALISCO, MEXICO",2.63,2,AMANDA SCHUSTER,92,40.0,5,FRENCH LIMOUSIN OAK
MIJENTA TEQUILA REPOSADO,TEQUILA REPOSADO,"MIJENTA // LOS ALTOS, JALISCO, MEXICO",3.95,19,STEPHANIE MORENO,92,40.0,3,"AMERICAN WHITE OAK, FRENCH OAK, FRENCH ACACIA CASKS"
FORTALEZA REPOSADO WINTER BLEND 2021,TEQUILA REPOSADO,"TEQUILA FORTALEZA // JALISCO, MEXICO",4.38,4,AMANDA SCHUSTER,92,46.3,5,"AMERICAN OAK, EUROPEAN OAK EX-MARSALA"
DON JULIO ULTIMA RESERVA EXTRA AÑEJO,TEQUILA EXTRA AÑEJO,"DON JULIO // LOS ALTOS, JALISCO, MEXICO",4.38,3,STEPHANIE MORENO,92,40.0,5,EX-BOURBON; FINISHED IN MADEIRA WINE CASKS
TEQUILA EL MAYOR EXTRA AÑEJO SHERRY CASK AGED,TEQUILA AÑEJO,"TEQUILA EL MAYOR // JALISCO, MEXICO",4.25,2,AMANDA SCHUSTER,92,40.0,4,SHERRY CASK
THE LOST EXPLORER MEZCAL TOBALÁ,MEZCAL JOVEN,"THE LOST EXPLORER // OAXACA, MEXICO",4.83,3,JAKE EMEN,92,42.0,5,
SEVERO TEQUILA PLATA,TEQUILA BLANCO,"TEQUILA SEVERO // JALISCO, MEXICO",3.88,2,AMANDA SCHUSTER,92,40.0,2,
PARTIDA ROBLE FINO AÑEJO,TEQUILA AÑEJO,"PARTIDA // TEQUILA VALLEY, JALISCO, MEXICO",4.35,5,AMANDA SCHUSTER,92,45.0,4,EX-BOURBON AND EX-SINGLE MALT SHERRY-SEASONED CASKS
EL TESORO EXTRA AÑEJO TEQUILA,TEQUILA EXTRA AÑEJO,EL TESORO // MEXICO,4.49,26,ANNA ARCHIBALD,92,40.0,4,EX-BOURBON
TEQUILA EL MAYOR FRENCH OAK CHARDONNAY CASK FINISH REPOSADO,TEQUILA REPOSADO,"TEQUILA EL MAYOR // JALISCO, MEXICO",4.25,4,JOHN RANKIN,92,40.0,4,FRENCH OAK EX-CHARDONNAY BARRELS
MIEL DE TIERRA JOVEN AGAVE SALMIANA,MEZCAL JOVEN,"MIEL DE TIERRA // ZACATECAS, MEXICO",,,JOHN RANKIN,92,40.0,3,UNAGED
CÓDIGO 1530 BLANCO TEQUILA,TEQUILA BLANCO,"CÓDIGO 1530 // JALISCO, MEXICO",3.82,67,COLIN HOWARD,92,40.0,2,UNAGED
DEL MAGUEY SAN PABLO AMEYALTEPEC,MEZCAL JOVEN,"DEL MAGUEY // PUEBLA , MEXICO",4.63,16,RON BECHTOL,92,47.0,4,UNAGED
PASOTE TEQUILA REPOSADO,TEQUILA REPOSADO,"PASOTE // LOS ALTOS, JALISCO, MEXICO",4.18,35,FORREST COKELY,92,40.0,2,EX-BOURBON AMERICAN OAK
DEL MAGUEY TEPEXTATE MEZCAL,MEZCAL JOVEN,"DEL MAGUEY // OAXACA, MEXICO",4.41,16,OMARI WHEAT,92,45.0,4,UNAGED
REY CAMPERO ESPADÍN MEZCAL,MEZCAL JOVEN,"REY CAMPERO // OAXACA , MEXICO",3.89,48,AMANDA SCHUSTER,92,48.0,3,NONE
VILLA LOBOS AÑEJO TEQUILA,TEQUILA AÑEJO,"VILLA LOBOS // LOS ALTOS, JALISCO, MEXICO",3.25,2,OMARI WHEAT,92,40.0,3,AMERICAN OAK
EL LUCHADOR ORGANIC BLANCO TEQUILA (DISCONTINUED),TEQUILA BLANCO,"123 SPIRITS // JALISCO , MEXICO",3.65,11,AMANDA SCHUSTER,92,55.0,3,
OCHO CIENTOS SOTOL AÑEJO,SOTOL,"OCHO CIENTOS // CHIHUAHUA, MEXICO",2.5,2,AMANDA SCHUSTER,92,43.0,3,EX-TENNESSEE WHISKEY
MEZCALERO NO. 3,MEZCAL JOVEN,MEZCALERO // MEXICO,4.6,4,KELLEY SLAGLE,92,47.0,3,N/A
GRACIAS A DIOS MEZCAL TEPEXTATE,MEZCAL JOVEN,"GRACIAS A DIOS // OAXACA, MEXICO",4.25,12,AMANDA SCHUSTER,92,45.0,3,
GRACIAS A DIOS MEZCAL ESPADÍN REPOSADO,MEZCAL REPOSADO,"GRACIAS A DIOS // OAXACA, MEXICO",3.96,18,AMANDA SCHUSTER,92,45.0,2,EX-BOURBON
WAHAKA MEZCAL REPOSADO CON GUSANO,MEZCAL REPOSADO,"WAHAKA MEZCAL // OAXACA, MEXICO",3.73,25,DANIEL DJANG,92,40.0,3,
EL JOLGORIO MADRECUIXE MEZCAL,MEZCAL JOVEN,"EL JOLGORIO // OAXACA, MEXICO",4.17,17,JACOB GRIER,92,47.0,4,
TEQUILA CHAMUCOS REPOSADO,TEQUILA REPOSADO,"CHAMUCOS // JALISCO , MEXICO",4.26,35,AMANDA SCHUSTER,92,40.0,2,EX-BOURBON
DEL MAGUEY MINERO SANTA CATARINA MINAS MEZCAL,MEZCAL JOVEN,"DEL MAGUEY // OAXACA, MEXICO",4.12,59,STEPHANIE MORENO,92,49.0,3,UNAGED
ALACRÁN CRISTAL TEQUILA,TEQUILA AÑEJO,"AUTÉNTICO ALACRÁN // LOS ALTOS, JALISCO, MEXICO",4.75,8,RON BECHTOL,92,40.0,3,EX-BOURBON AMERICAN OAK
DON PILAR AÑEJO TEQUILA,TEQUILA AÑEJO,"DON PILAR // LOS ALTOS, JALISCO, MEXICO",4.1,5,AMANDA SCHUSTER,92,40.0,3,VIRGIN AMERICAN WHITE OAK
DON FULANO BLANCO TEQUILA,TEQUILA BLANCO,"DON FULANO // TEQUILA VALLEY, JALISCO, MEXICO",4.18,21,AMANDA SCHUSTER,92,40.0,2,
EMBAJADOR SUPREME TEQUILA,TEQUILA AÑEJO,"EMBAJADOR // LOS ALTOS, JALISCO, MEXICO",4.38,2,AMANDA SCHUSTER,92,40.0,3,"EX-BOURBON, EX-COGNAC"
1800 SELECT SILVER TEQUILA (100 PROOF),TEQUILA BLANCO,"1800 TEQUILA // TEQUILA VALLEY, JALISCO, MEXICO",3.12,17,KATRINA NIEMISTO,92,50.0,2,
FUENTESECA RESERVA EXTRA AÑEJO TEQUILA 15 AÑOS,TEQUILA EXTRA AÑEJO,"LOS ALTOS, JALISCO, MEXICO",4.0,2,JACOB GRIER,92,43.0,5,
FUENTESECA RESERVA EXTRA AÑEJO TEQUILA 7 AÑOS,TEQUILA EXTRA AÑEJO,"LOS ALTOS, JALISCO, MEXICO",4.36,9,JACOB GRIER,92,42.0,5,
MEZCAL VAGO CUIXE,MEZCAL JOVEN,"MEZCAL VAGO // OAXACA, MEXICO",4.37,20,DUNCAN MCROBERTS,92,49.9,4,UNAGED
REY CAMPERO JABALÍ MEZCAL,MEZCAL JOVEN,"REY CAMPERO // OAXACA, MEXICO",4.16,26,RON BECHTOL,92,49.0,4,UNAGED
LA VENENOSA SIERRA DEL TIGRE (ORANGE LABEL),RAICILLA,"JALISCO, MEXICO",4.25,25,OMARI WHEAT,92,46.0,4,
FORTALEZA REPOSADO TEQUILA,TEQUILA REPOSADO,"TEQUILA FORTALEZA // TEQUILA VALLEY, JALISCO, MEXICO",4.36,180,OMARI WHEAT,92,40.0,3,USED AMERICAN OAK WHISKEY BARRELS
KOCH EL MEZCAL TOBASICHE,MEZCAL JOVEN,"OAXACA, MEXICO",,,OMARI WHEAT,92,47.0,4,
KOCH EL MEZCAL TEPEXTATE,MEZCAL JOVEN,"KOCH EL MEZCAL // OAXACA, MEXICO",4.0,1,OMARI WHEAT,92,47.0,4,UNAGED
KOCH EL MEZCAL TOBALÁ,MEZCAL JOVEN,"OAXACA, MEXICO",4.31,4,OMARI WHEAT,92,47.0,4,
DON JULIO 1942 TEQUILA,TEQUILA AÑEJO,"LOS ALTOS, JALISCO, MEXICO",4.48,702,STEPHANIE MORENO,92,40.0,4,
SCORPION MEZCAL ANEJO TOBALÁ,MEZCAL AÑEJO,"OAXACA, MEXICO",2.75,4,DISTILLER STAFF,92,40.0,5,
MEZCAL MARCA NEGRA ESPADÍN,MEZCAL JOVEN,"OAXACA, MEXICO",4.15,38,DISTILLER STAFF,92,51.1,3,
BRUXO NO. 2 PECHUGA DE MAGUEY MEZCAL,MEZCAL JOVEN,"BRUXO // OAXACA, MEXICO",4.03,26,AMANDA SCHUSTER,92,46.0,3,UNAGED
CASA NOBLE SINGLE BARREL REPOSADO TEQUILA,TEQUILA REPOSADO,"CASA NOBLE // TEQUILA VALLEY, JALISCO, MEXICO",4.3,16,DANIEL DJANG,92,40.0,3,FRENCH LIMOUSIN OAK
ESPOLÒN AÑEJO TEQUILA,TEQUILA AÑEJO,"ESPOLÒN // LOS ALTOS, JALISCO, MEXICO",3.99,188,DISTILLER STAFF,92,40.0,2,NEW AMERICAN OAK & USED BOURBON BARRELS
T1 TEQUILA BLANCO SELECTO,TEQUILA BLANCO,"T1 TEQUILA UNO // LOS ALTOS, JALISCO, MEXICO",4.7,5,RON BECHTOL,92,43.0,2,
GRAN CENTENARIO REPOSADO TEQUILA,TEQUILA REPOSADO,"GRAN CENTENARIO // JALISCO, MEXICO",3.92,113,AMANDA SCHUSTER,92,40.0,2,FRENCH LIMOUSIN OAK
HERRADURA AÑEJO TEQUILA,TEQUILA AÑEJO,"TEQUILA VALLEY, JALISCO, MEXICO",4.07,281,DISTILLER STAFF,92,40.0,3,
EL JIMADOR REPOSADO TEQUILA,TEQUILA REPOSADO,"TEQUILA VALLEY, JALISCO, MEXICO",3.48,243,DISTILLER STAFF,92,40.0,1,
EL TESORO BLANCO TEQUILA,TEQUILA BLANCO,"EL TESORO // LOS ALTOS, JALISCO, MEXICO",4.21,118,OMARI WHEAT,92,40.0,2,UNAGED
HERENCIA MEXICANA BLANCO TEQUILA,TEQUILA BLANCO,"LOS ALTOS, JALISCO, MEXICO",4.57,12,OMARI WHEAT,92,40.0,2,
TEQUILA OCHO EXTRA AÑEJO EL CARRIZAL 2008,TEQUILA AÑEJO,"TEQUILA OCHO // LOS ALTOS, JALISCO, MEXICO",5.0,2,DANIEL DJANG,92,40.0,4,
EXPRESIONES DEL CORAZÓN SAZERAC RYE AÑEJO TEQUILA,TEQUILA AÑEJO,"LOS ALTOS, JALISCO, MEXICO",4.65,12,AMANDA SCHUSTER,92,45.0,3,
PARTIDA REPOSADO TEQUILA,TEQUILA REPOSADO,"PARTIDA // TEQUILA VALLEY, JALISCO, MEXICO",3.68,38,AMANDA SCHUSTER,92,40.0,2,EX-JACK DANIEL'S BARRELS
MEZCAL AMARÁS ESPADÍN JOVEN,MEZCAL JOVEN,"OAXACA, MEXICO",3.8,30,AMANDA SCHUSTER,92,41.0,2,
SUERTE AÑEJO TEQUILA,TEQUILA AÑEJO,"LOS ALTOS, JALISCO, MEXICO",4.22,19,DANIEL DJANG,92,40.0,3,
TEQUILA OCHO AÑEJO EL PUERTECITO 2011,TEQUILA AÑEJO,"TEQUILA OCHO // LOS ALTOS, JALISCO, MEXICO",4.19,4,BROCK SCHULTE,92,40.0,3,
TEQUILA ARTENOM SELECCIÓN DE 1549 ORGÁNICO BLANCO,TEQUILA BLANCO,"TEQUILA ARTENOM // TEQUILA VALLEY, JALISCO, MEXICO",3.96,7,STEPHANIE MORENO,92,40.0,3,UNAGED
SIEMBRA VALLES BLANCO TEQUILA,TEQUILA BLANCO,"SIEMBRA SPIRITS // TEQUILA VALLEY, JALISCO, MEXICO",4.18,17,AMANDA SCHUSTER,92,40.0,2,
EXPRESIONES DEL CORAZÓN BUFFALO TRACE REPOSADO (2ND RELEASE),TEQUILA REPOSADO,"TEQUILA CORAZÓN // LOS ALTOS, JALISCO, MEXICO",4.21,6,AMANDA SCHUSTER,92,40.0,3,EX-BOURBON
CASAMIGOS REPOSADO TEQUILA,TEQUILA REPOSADO,"CASAMIGOS // LOS ALTOS, JALISCO, MEXICO",4.06,609,STEPHANIE MORENO,92,40.0,2,USED WHISKEY BARRELS
CAMBIO REPOSADO TEQUILA,TEQUILA REPOSADO,"CAMBIO TEQUILA // JALISCO, MEXICO",,,AMANDA SCHUSTER,91,46.0,3,"BURGUNDY, BORDEAUX, AND FRENCH OAK CHARDONNAY CASKS"
MAYENDA REPOSADO DOUBLE CASK,TEQUILA REPOSADO,"MAYENDA // JALISCO, MEXICO",,,AMANDA SCHUSTER,91,40.0,3,"AMERICAN OAK, EUROPEAN OAK"
TEQUILA OCHO PLATA CORRALILLOS 2023,TEQUILA BLANCO,"TEQUILA OCHO // LOS ALTOS, JALISCO, MEXICO",4.38,4,STEPHANIE MORENO,91,40.0,2,
ALMA DEL JAGUAR BLANCO TEQUILA,TEQUILA BLANCO,"ALMA DEL JAGUAR // LOS ALTOS, JALISCO, MEXICO",3.88,4,JAKE EMEN,91,40.0,2,
MAYENDA TEQUILA BLANCO,TEQUILA BLANCO,"MAYENDA // JALISCO, MEXICO",,,AMANDA SCHUSTER,91,40.0,3,
CIERTO TEQUILA PRIVATE COLLECTION REPOSADO,TEQUILA REPOSADO,"CIERTO // JALISCO, MEXICO",4.38,2,AMANDA SCHUSTER,91,40.0,4,FRENCH LIMOUSIN OAK
DOS HOMBRES TOBALÁ,MEZCAL JOVEN,DOS HOMBRES // MEXICO,,,JAKE EMEN,91,45.0,5,
CÓDIGO 1530 ESTATE HARVEST STILL STRENGTH BLANCO,TEQUILA BLANCO,"CÓDIGO 1530 // JALISCO, MEXICO",4.38,2,STEPHANIE MORENO,91,45.0,3,
TEQUILA ETERNO VERANO AÑEJO,TEQUILA AÑEJO,"ETERNO VERANO // TEQUILA VALLEY, JALISCO, MEXICO",4.75,1,AMANDA SCHUSTER,91,40.0,3,WHISKEY BARRELS
CALIROSA ROSA BLANCO TEQUILA,TEQUILA BLANCO,"CALIROSA // JALISCO, MEXICO",4.23,11,AMANDA SCHUSTER,91,40.0,2,CALIFORNIA RED WINE BARRELS
VAMONOS RIENDO MEZCAL JOVEN,MEZCAL JOVEN,"VAMONOS RIENDO // OAXACA, MEXICO",,,ANNA ARCHIBALD,91,42.0,3,UNAGED
VOLCÁN DE MI TIERRA CRISTALINO AÑEJO,TEQUILA AÑEJO,"VOLCÁN DE MI TIERRA // TEQUILA VALLEY, JALISCO, MEXICO",4.17,14,JOHN RANKIN,91,40.0,3,FORMER WHISKY AND COGNAC BARRELS
CÓDIGO 1530 ROSA TEQUILA,TEQUILA BLANCO,"CÓDIGO 1530 // JALISCO, MEXICO",3.89,90,JACK ROBERTIELLO,91,40.0,3,EX-NAPA CABERNET SAUVIGNON FRENCH WHITE OAK
DEL MAGUEY WILD PAPALOME MEZCAL,MEZCAL JOVEN,"DEL MAGUEY // OAXACA, MEXICO",4.38,13,OMARI WHEAT,91,45.0,4,UNAGED
DEL MAGUEY ESPADÍN ESPECIAL MEZCAL,MEZCAL JOVEN,"DEL MAGUEY // OAXACA, MEXICO",3.46,7,OMARI WHEAT,91,45.0,4,UNAGED
MEZCAL MARCA NEGRA ENSAMBLE,MEZCAL JOVEN,"MEZCAL MARCA NEGRA // OAXACA, MEXICO",4.05,11,KELLEY SLAGLE,91,47.0,4,NONE
EL JOLGORIO PECHUGA MEZCAL,MEZCAL JOVEN,"EL JOLGORIO // OAXACA, MEXICO",4.52,20,JACOB GRIER,91,48.0,4,
WAHAKA MEZCAL ESPADÍN,MEZCAL JOVEN,"WAHAKA MEZCAL // OAXACA, MEXICO",3.96,64,DANIEL DJANG,91,40.0,2,UNAGED
MEZCAL PIERDE ALMAS PECHUGA,MEZCAL JOVEN,"PIERDE ALMAS // OAXACA, MEXICO",4.75,7,DANIEL DJANG,91,51.0,5,
EL TESORO REPOSADO TEQUILA,TEQUILA REPOSADO,"EL TESORO // LOS ALTOS, JALISCO, MEXICO",3.97,101,STEPHANIE MORENO,91,40.0,3,EX-BOURBON
MEZCAL PIERDE ALMAS COYOTE 2014,MEZCAL JOVEN,"OAXACA, MEXICO",,,RON BECHTOL,91,50.0,4,
KOCH EL MEZCAL ARROQUEÑO,MEZCAL JOVEN,"OAXACA, MEXICO",3.95,5,OMARI WHEAT,91,47.0,4,
DON JULIO 70 AÑEJO CLARO TEQUILA,TEQUILA AÑEJO,"DON JULIO // LOS ALTOS, JALISCO, MEXICO",4.25,287,STEPHANIE MORENO,91,40.0,3,USED AMERICAN OAK
CASA DRAGONES SIPPING TEQUILA JOVEN,TEQUILA JOVEN,"CASA DRAGONES // TEQUILA VALLEY, JALISCO, MEXICO",4.58,75,DUNCAN MCROBERTS,91,40.0,5,
MEZCAL PIERDE ALMAS BOTANICA +9,MEZCAL JOVEN,"MEZCAL PIERDE ALMAS // OAXACA, MEXICO",4.02,10,DANIEL DJANG,91,45.0,4,UNAGED
HERENCIA MEXICANA EXTRA AÑEJO TEQUILA,TEQUILA EXTRA AÑEJO,"LOS ALTOS, JALISCO, MEXICO",3.25,3,OMARI WHEAT,91,40.0,4,
HERENCIA MEXICANA AÑEJO TEQUILA,TEQUILA AÑEJO,"LOS ALTOS, JALISCO, MEXICO",4.56,12,OMARI WHEAT,91,40.0,2,
TEQUILA GRAN DOVEJO BLANCO,TEQUILA BLANCO,"LOS ALTOS, JALISCO, MEXICO",3.0,2,DISTILLER STAFF,91,40.0,2,
TEQUILA OCHO AÑEJO LOS CORRALES 2010,TEQUILA AÑEJO,"TEQUILA OCHO // LOS ALTOS, JALISCO, MEXICO",4.42,3,DANIEL DJANG,91,40.0,3,
TEQUILA OCHO PLATA LOS CORRALES 2010,TEQUILA BLANCO,"TEQUILA OCHO // LOS ALTOS, JALISCO, MEXICO",,,DANIEL DJANG,91,40.0,3,
123 ORGANIC BLANCO (UNO) TEQUILA,TEQUILA BLANCO,"TEQUILA VALLEY, JALISCO, MEXICO",4.19,34,RYAN CONKLIN,91,40.0,2,
TEQUILA CABEZA BLANCO,TEQUILA BLANCO,"LOS ALTOS, JALISCO, MEXICO",4.17,9,STEPHANIE MORENO,91,43.0,2,
MEZCAL ALIPÚS SAN ANDRES,MEZCAL JOVEN,"OAXACA, MEXICO",4.0,61,STEPHANIE MORENO,91,46.8,2,
TEQUILA OCHO PLATA MESA COLORADA PUNTAS DISTILLER'S CUT 2023,TEQUILA BLANCO,"TEQUILA OCHO // JALISCO, MEXICO",4.44,8,STEPHANIE MORENO,90,53.0,3,
EL TESORO MUNDIAL COLLECTION: LAPHROAIG EDITION (2023 RELEASE),TEQUILA AÑEJO,"EL TESORO // LOS ALTOS, JALISCO, MEXICO",4.63,4,STEPHANIE MORENO,90,40.0,5,LAPHROAIG 10 YEAR SINGLE MALT CASKS
PATRÓN EL CIELO,TEQUILA BLANCO,"PATRÓN // LOS ALTOS, JALISCO, MEXICO",3.15,5,STEPHANIE MORENO,90,40.0,4,
NOCHELUNA SOTOL,SOTOL,"NOCHELUNA // CHIHUAHUA, MEXICO",4.56,4,STEPHANIE MORENO,90,43.0,3,
AVIÓN RESERVA CRISTALINO,TEQUILA AÑEJO,AVIÓN // MEXICO,3.38,2,STEPHANIE MORENO,90,40.0,4,AMERICAN OAK
GRAN CENTENARIO LEYENDA EXTRA AÑEJO,TEQUILA EXTRA AÑEJO,"GRAN CENTENARIO // JALISCO, MEXICO",4.23,18,ANNA ARCHIBALD,90,40.0,4,NEW AMERICAN OAK
LOS VECINOS DEL CAMPO ENSAMBLE NO. 1 MEZCAL,MEZCAL JOVEN,"LOS VECINOS DEL CAMPO // OAXACA, MEXICO",3.58,3,ANNA ARCHIBALD,90,45.0,3,UNAGED
DOS HOMBRES ESPADIN MEZCAL,MEZCAL JOVEN,"DOS HOMBRES // OAXACA, MEXICO",3.7,59,AMANDA SCHUSTER,90,42.0,3,UNAGED
CENOTE CRISTALINO AÑEJO TEQUILA,TEQUILA AÑEJO,CENOTE // MEXICO,3.93,8,STEPHANIE MORENO,90,40.0,3,AMERICAN OAK
VIVA XXXII TEQUILA JOVEN,TEQUILA JOVEN,VIVA XXXII // MEXICO,4.13,2,JOHN RANKIN,90,40.0,2,
VOLCÁN DE MI TIERRA BLANCO TEQUILA,TEQUILA BLANCO,"VOLCÁN DE MI TIERRA // TEQUILA VALLEY, JALISCO, MEXICO",4.03,33,JOHN RANKIN,90,40.0,2,
CÓDIGO 1530 REPOSADO TEQUILA,TEQUILA REPOSADO,"CÓDIGO 1530 // JALISCO, MEXICO",4.06,68,COLIN HOWARD,90,40.0,3,EX-NAPA CABERNET SAUVIGNON FRENCH WHITE OAK BARRELS
BLUE NECTAR REPOSADO SPECIAL CRAFT TEQUILA,TEQUILA REPOSADO,"BLUE NECTAR // TEQUILA VALLEY, JALISCO, MEXICO",3.42,3,RON BECHTOL,90,40.0,3,CHARRED AMERICAN OAK
EL TESORO PARADISO EXTRA AÑEJO TEQUILA,TEQUILA EXTRA AÑEJO,"EL TESORO // HIGHLANDS, MEXICO",4.25,38,STEPHANIE MORENO,90,40.0,5,EX-COGNAC
TEQUILA SAN MATIAS TAHONA BLANCO,TEQUILA BLANCO,"TEQUILA SAN MATIAS // LOS ALTOS, JALISCO, MEXICO",3.85,13,STEPHANIE MORENO,90,40.0,3,UNAGED
MEZCAL JARAL DE BERRIO,MEZCAL JOVEN,"HACIENDA JARAL DE BERRIO // GUANAJUATO , MEXICO",3.34,12,AMANDA SCHUSTER,90,40.0,1,UNAGED
MUCHA LIGA INVICTO AÑEJO TEQUILA,TEQUILA AÑEJO,"MUCHA LIGA // JALISCO, MEXICO",4.22,9,AMANDA SCHUSTER,90,40.0,3,EX-BOURBON
ALACRÁN REPOSADO TEQUILA,TEQUILA REPOSADO,"AUTÉNTICO ALACRÁN // LOS ALTOS, JALISCO, MEXICO",3.25,2,RON BECHTOL,90,35.0,2,AMERICAN OAK
ARTA TEQUILA REPOSADO,TEQUILA REPOSADO,"ARTA TEQUILA // TEQUILA VALLEY, JALISCO, MEXICO",3.67,3,AMANDA SCHUSTER,90,40.0,2,EX-BOURBON
REY CAMPERO TEPEXTATE MEZCAL,MEZCAL JOVEN,"REY CAMPERO // OAXACA, MEXICO",4.04,15,AMANDA SCHUSTER,90,48.0,4,
VILLA LOBOS BLANCO TEQUILA,TEQUILA BLANCO,"VILLA LOBOS // LOS ALTOS, JALISCO, MEXICO",3.88,2,OMARI WHEAT,90,40.0,2,
OCHO CIENTOS SOTOL BLANCO,SOTOL,"OCHO CIENTOS // CHIHUAHUA , MEXICO",3.0,3,AMANDA SCHUSTER,90,43.0,2,
DEL MAGUEY TOBALÁ MEZCAL,MEZCAL JOVEN,"DEL MAGUEY // OAXACA, MEXICO",4.19,50,KELLEY SLAGLE,90,45.0,4,UNAGED
SIETE LEGUAS AÑEJO TEQUILA,TEQUILA AÑEJO,"SIETE LEGUAS // LOS ALTOS, JALISCO, MEXICO",4.09,65,KELLEY SLAGLE,90,40.0,3,WHITE OAK
EL JOLGORIO MEXICANO MEZCAL,MEZCAL JOVEN,"EL JOLGORIO // OAXACA, MEXICO",4.21,12,JACOB GRIER,90,47.0,4,
MEZCAL PIERDE ALMAS CONEJO,MEZCAL JOVEN,"PIERDE ALMAS // OAXACA, MEXICO",4.81,4,DANIEL DJANG,90,51.2,5,
DEL MAGUEY SAN LUIS DEL RIO MEZCAL,MEZCAL JOVEN,"DEL MAGUEY // OAXACA, MEXICO",4.18,35,STEPHANIE MORENO,90,47.0,3,UNAGED
ILEGAL MEZCAL REPOSADO,MEZCAL REPOSADO,"ILEGAL // OAXACA, MEXICO",3.94,84,AMANDA SCHUSTER,90,40.0,3,NEW & USED AMERICAN OAK
MEZCALES DE LEYENDA DURANGO,MEZCAL JOVEN,"MEZCAL DE LEYENDAS // DURANGO, MEXICO",3.78,28,JOHN RANKIN,90,40.0,3,
MILAGRO SELECT BARREL RESERVE AÑEJO TEQUILA,TEQUILA AÑEJO,"MILAGRO // LOS ALTOS, JALISCO, MEXICO",4.13,69,KATRINA NIEMISTO,90,40.0,4,AMERICAN AND FRENCH OAK
GRAN CENTENARIO AÑEJO TEQUILA,TEQUILA AÑEJO,"GRAN CENTENARIO // JALISCO, MEXICO",4.03,152,KATRINA NIEMISTO,90,40.0,2,FRENCH LIMOUSIN OAK
FIDENCIO TOBALÁ MEZCAL,MEZCAL JOVEN,"FIDENCIO // OAXACA, MEXICO",3.9,5,OMARI WHEAT,90,45.5,4,UNAGED
REY CAMPERO MADRE CUISHE MEZCAL,MEZCAL JOVEN,"REY CAMPERO // OAXACA, MEXICO",4.04,13,RON BECHTOL,90,48.6,4,
REY CAMPERO TOBALÁ MEZCAL,MEZCAL JOVEN,"REY CAMPERO // OAXACA, MEXICO",4.94,4,RON BECHTOL,90,48.9,4,
MEZCAL VAGO COYOTE EN BARRO,MEZCAL JOVEN,"MEZCAL VAGO // OAXACA, MEXICO",3.38,2,DUNCAN MCROBERTS,90,51.0,3,UNAGED
TEQUILA 1921 AÑEJO,TEQUILA AÑEJO,"LOS ALTOS, JALISCO, MEXICO",4.09,15,AMANDA SCHUSTER,90,40.0,2,
KOCH EL MEZCAL MADRECUISHE,MEZCAL JOVEN,"OAXACA, MEXICO",5.0,1,OMARI WHEAT,90,47.0,4,
TEQUILA ARTENOM SELECCIÓN DE 1414 REPOSADO,TEQUILA REPOSADO,"TEQUILA ARTENOM // LOS ALTOS, JALISCO, MEXICO",4.2,28,DUNCAN MCROBERTS,90,,3,EX-BOURBON
DULCE VIDA REPOSADO 100 PROOF TEQUILA,TEQUILA REPOSADO,"DULCE VIDA // LOS ALTOS, JALISCO, MEXICO",4.21,27,RON BECHTOL,90,50.0,2,EX-BOURBON
RIAZUL PLATA TEQUILA,TEQUILA BLANCO,"LOS ALTOS, JALISCO, MEXICO",4.0,14,AMANDA SCHUSTER,90,40.0,2,
DEL MAGUEY IBÉRICO MEZCAL,MEZCAL JOVEN,"OAXACA, MEXICO",4.45,22,OMARI WHEAT,90,49.0,5,UNAGED
BRUXO NO.1 ESPADÍN MEZCAL,MEZCAL JOVEN,"OAXACA, MEXICO",3.46,25,AMANDA SCHUSTER,90,46.0,2,
HERRADURA DOUBLE BARREL REPOSADO TEQUILA,TEQUILA REPOSADO,"TEQUILA VALLEY, JALISCO, MEXICO",4.29,46,DANIEL DJANG,90,40.0,2,
CORZO TEQUILA REPOSADO,TEQUILA REPOSADO,"LOS ALTOS, JALISCO, MEXICO",3.89,28,BROCK SCHULTE,90,40.0,3,
HERRADURA COLECCIÓN DE LA CASA RESERVA 2012 PORT CASK FINISH REPOSADO,TEQUILA REPOSADO,"TEQUILA VALLEY, JALISCO, MEXICO",4.0,3,DISTILLER STAFF,90,40.0,4,
HERENCIA MEXICANA REPOSADO TEQUILA,TEQUILA REPOSADO,"LOS ALTOS, JALISCO, MEXICO",4.05,5,OMARI WHEAT,90,40.0,2,
CORAZÓN BLANCO TEQUILA,TEQUILA BLANCO,"LOS ALTOS, JALISCO, MEXICO",4.19,79,BROCK SCHULTE,90,40.0,2,
JOSE CUERVO RESERVA DE LA FAMILIA TEQUILA,TEQUILA EXTRA AÑEJO,"TEQUILA VALLEY, JALISCO, MEXICO",4.45,219,DISTILLER STAFF,90,40.0,5,
TEQUILA TAPATIO BLANCO 110,TEQUILA BLANCO,"TEQUILA TAPATIO // LOS ALTOS, JALISCO, MEXICO",4.4,21,AMANDA SCHUSTER,90,55.0,3,
SOMBRA MEZCAL,MEZCAL JOVEN,"OAXACA, MEXICO",3.69,109,OMARI WHEAT,90,45.0,2,
KOCH EL MEZCAL ENSEMBLE,MEZCAL JOVEN,"KOCH EL MEZCAL // OAXACA, MEXICO",4.31,9,OMARI WHEAT,90,47.0,3,UNAGED
MEZCAL ALIPÚS SAN BALTAZAR,MEZCAL JOVEN,"MEZCAL ALIPÚS // OAXACA, MEXICO",3.92,27,OMARI WHEAT,90,48.4,2,
TEQUILA OCHO REPOSADO EL PUERTECITO 2011,TEQUILA REPOSADO,"TEQUILA OCHO // LOS ALTOS, JALISCO, MEXICO",,,DANIEL DJANG,90,40.0,3,TEQUILA-SEASONED AMERICAN OAK EX-AMERICAN WHISKEY BARRELS
TEQUILA OCHO EXTRA AÑEJO EL VERGEL 2007,TEQUILA EXTRA AÑEJO,"TEQUILA OCHO // LOS ALTOS, JALISCO, MEXICO",4.25,1,DANIEL DJANG,90,40.0,4,
PARTIDA BLANCO TEQUILA,TEQUILA BLANCO,"PARTIDA // TEQUILA VALLEY, JALISCO, MEXICO",3.69,27,STEPHANIE MORENO,90,40.0,2,UNAGED
SUERTE EXTRA AÑEJO TEQUILA,TEQUILA EXTRA AÑEJO,"SUERTE // LOS ALTOS, JALISCO, MEXICO",4.43,7,DANIEL DJANG,90,40.0,4,CHARRED WHITE OAK WHISKEY BARRELS
TEQUILA TAPATIO BLANCO,TEQUILA BLANCO,"TEQUILA TAPATIO // LOS ALTOS, JALISCO, MEXICO",3.92,37,DUNCAN MCROBERTS,90,40.0,2,
TEQUILA OCHO REPOSADO LA MAGUEYERA 2014,TEQUILA REPOSADO,"TEQUILA OCHO // LOS ALTOS, JALISCO, MEXICO",4.55,16,AMANDA SCHUSTER,90,40.0,3,TEQUILA-SEASONED AMERICAN OAK EX-AMERICAN WHISKEY BARRELS
REAL MINERO ARROQUEÑO MEZCAL,MEZCAL JOVEN,"MEZCAL REAL MINERO // OAXACA, MEXICO",4.72,8,OMARI WHEAT,90,51.75,5,NONE
EXPRESIONES DEL CORAZÓN ARTISANAL EDITION BLANCO (2ND RELEASE),TEQUILA BLANCO,"TEQUILA CORAZÓN // LOS ALTOS, JALISCO, MEXICO",4.5,2,AMANDA SCHUSTER,90,40.0,3,
CASAMIGOS BLANCO TEQUILA,TEQUILA BLANCO,"CASAMIGOS // LOS ALTOS, JALISCO, MEXICO",3.94,457,STEPHANIE MORENO,90,40.0,2,
CASAMIGOS AÑEJO TEQUILA,TEQUILA AÑEJO,"CASAMIGOS // HIGHLANDS, JALISCO, MEXICO",4.16,448,STEPHANIE MORENO,90,40.0,3,USED WHISKEY BARRELS
MEZCAL AMARÁS CUPREATA,MEZCAL JOVEN,"MEZCAL AMARÁS // GUERRERO, MEXICO",3.81,32,STEPHANIE MORENO,90,43.0,3,
EXPRESIONES DEL CORAZÓN WELLER 12 AÑEJO TEQUILA (2023 COLLECTION),TEQUILA AÑEJO,"EXPRESIONES DEL CORAZÓN // LOS ALTOS, JALISCO, MEXICO",3.0,1,AMANDA SCHUSTER,89,40.0,3,EX-WELLER 12 KENTUCKY STRAIGHT BOURBON BARRELS
SANTO TEQUILA AÑEJO,TEQUILA AÑEJO,SANTO SPIRITS // MEXICO,,,AMANDA SCHUSTER,89,40.0,3,FORMER AMERICAN WHISKEY BARRELS
VOLCÁN XA TEQUILA,TEQUILA REPOSADO,"VOLCÁN DE MI TIERRA // JALISCO, MEXICO",5.0,1,AMANDA SCHUSTER,89,40.0,5,
CIERTO TEQUILA PRIVATE COLLECTION BLANCO,TEQUILA BLANCO,"CIERTO // JALISCO, MEXICO",4.88,4,AMANDA SCHUSTER,89,40.0,4,
TEQUILA ETERNO VERANO BLANCO,TEQUILA BLANCO,"ETERNO VERANO // TEQUILA VALLEY, JALISCO, MEXICO",4.0,1,AMANDA SCHUSTER,89,40.0,2,
CONTRALUZ CRISTALINO REPOSADO MEZCAL,MEZCAL REPOSADO,"CONTRALUZ // OAXACA, MEXICO",3.75,3,STEPHANIE MORENO,89,40.0,3,CHARRED AMERICAN OAK
ASTRAL TEQUILA BLANCO,TEQUILA BLANCO,"ASTRAL // JALISCO, MEXICO",3.61,11,AMANDA SCHUSTER,89,40.0,2,
GRACIAS A DIOS MANGO MEZCAL,MEZCAL JOVEN,"GRACIAS A DIOS // OAXACA, MEXICO",3.75,1,AMANDA SCHUSTER,89,43.0,2,
GRACIAS A DIOS PIÑA MEZCAL,MEZCAL JOVEN,GRACIAS A DIOS // MEXICO,4.13,2,AMANDA SCHUSTER,89,45.0,2,
EL TESORO MUNDIAL COLLECTION: THE LAPHROAIG EDITION (2021 RELEASE),TEQUILA AÑEJO,"EL TESORO // LOS ALTOS, JALISCO, MEXICO",4.5,2,AMANDA SCHUSTER,89,40.0,4,EX-BOURBON & EX-LAPHROAIG 10 YEAR CASKS
BOSSCAL JOVEN MEZCAL,MEZCAL JOVEN,"BOSSCAL // DURANGO, MEXICO",3.22,9,JAKE EMEN,89,42.0,2,
CALIROSA AÑEJO TEQUILA,TEQUILA AÑEJO,"CALIROSA // JALISCO, MEXICO",4.16,8,AMANDA SCHUSTER,89,40.0,3,CALIFORNIA RED WINE BARRELS
SEVERO TEQUILA REPOSADO,TEQUILA REPOSADO,"TEQUILA SEVERO // JALISCO, MEXICO",4.5,1,AMANDA SCHUSTER,89,40.0,3,WHITE AMERICAN OAK
LOS MAGOS BLANCO SOTOL,SOTOL,"LOS MAGOS // CHIHUAHUA, MEXICO",4.5,5,AMANDA SCHUSTER,89,38.0,3,UNAGED
LOS VECINOS DEL CAMPO TOBALÁ MEZCAL,MEZCAL JOVEN,"LOS VECINOS DEL CAMPO // OAXACA, MEXICO",3.63,2,ANNA ARCHIBALD,89,46.0,4,UNAGED
EXPRESIONES DEL CORAZÓN THOMAS H. HANDY SAZERAC AÑEJO (2019 RELEASE),TEQUILA AÑEJO,"EXPRESIONES DEL CORAZÓN // LOS ALTOS, JALISCO, MEXICO",3.58,3,ANNA ARCHIBALD,89,40.0,3,USED THOMAS H. HANDY SAZERAC RYE BARRELS
ABRE OJOS SILVER TEQUILA,TEQUILA BLANCO,"ABRE OJOS // TEQUILA VALLEY, JALISCO, MEXICO",,,JACK ROBERTIELLO,89,40.0,2,
MIEL DE TIERRA AÑEJO,MEZCAL AÑEJO,"MIEL DE TIERRA // ZACATECAS, MEXICO",4.46,10,JOHN RANKIN,89,40.0,3,"VIRGIN, LOCAL OAK"
TEQUILA PUEBLO VIEJO BLANCO 104,TEQUILA BLANCO,"PUEBLO VIEJO // LOS ALTOS, JALISCO, MEXICO",3.63,2,JACOB GRIER,89,52.0,1,UNAGED
MEZCAL MARCA NEGRA ARROQUEÑO,MEZCAL JOVEN,"MEZCAL MARCA NEGRA // OAXACA, MEXICO",2.0,1,KELLEY SLAGLE,89,48.6,4,NONE
OCHO CIENTOS SOTOL REPOSADO,SOTOL,"OCHO CIENTOS // CHIHUAHUA, MEXICO",3.25,3,AMANDA SCHUSTER,89,43.0,3,EX-TENNESSEE WHISKEY
AHA TORO AÑEJO,TEQUILA AÑEJO,"AHA TORO // LOS ALTOS, JALISCO, MEXICO",4.17,21,JOHN RANKIN,89,40.0,3,OAK
TEQUILA OCHO PLATA LOS MANGOS 2010,TEQUILA BLANCO,"TEQUILA OCHO // LOS ALTOS, JALISCO, MEXICO",4.0,3,KELLEY SLAGLE,89,40.0,2,
MEZCAL PIERDE ALMAS ESPADÍN,MEZCAL JOVEN,"PIERDE ALMAS // OAXACA, MEXICO",3.63,8,DANIEL DJANG,89,49.0,3,
DELEÓN REPOSADO TEQUILA,TEQUILA REPOSADO,"DELEÓN TEQUILA // LOS ALTOS, JALISCO, MEXICO",3.6,23,MATTHEW SHEINBERG,89,40.0,3,AMERICAN OAK AND FRENCH OAK
DON FULANO AÑEJO TEQUILA,TEQUILA AÑEJO,"DON FULANO // TEQUILA VALLEY, JALISCO, MEXICO",4.34,30,AMANDA SCHUSTER,89,40.0,4,FRENCH LIMOUSIN OAK
MAYALEN AGUA DE JUVENTUD GUERRERO MEZCAL,MEZCAL JOVEN,"MAYALEN // GUERRERO , MEXICO",3.0,6,AMANDA SCHUSTER,89,53.0,2,
FIDENCIO TIERRA BLANCA MEZCAL,MEZCAL JOVEN,"FIDENCIO // OAXACA, MEXICO",4.56,8,OMARI WHEAT,89,50.9,3,UNAGED
MEZCAL VAGO ESPADIN,MEZCAL JOVEN,"MEZCAL VAGO // OAXACA, MEXICO",3.89,64,DUNCAN MCROBERTS,89,51.2,2,UNAGED
KAH TEQUILA REPOSADO,TEQUILA REPOSADO,"TEQUILA VALLEY, JALISCO, MEXICO",3.71,32,BROCK SCHULTE,89,55.0,3,
KOCH EL MEZCAL MEXICANO,MEZCAL JOVEN,"OAXACA, MEXICO",5.0,2,OMARI WHEAT,89,47.0,4,
FIDENCIO TEPEXTATE MEZCAL,MEZCAL JOVEN,"FIDENCIO // OAXACA, MEXICO",3.55,5,OMARI WHEAT,89,45.9,4,UNAGED
KOCH EL MEZCAL BARRIL,MEZCAL JOVEN,"OAXACA, MEXICO",,,OMARI WHEAT,89,47.0,4,
ROCA PATRÓN AÑEJO TEQUILA,TEQUILA AÑEJO,"PATRÓN // LOS ALTOS, JALISCO, MEXICO",3.75,55,STEPHANIE MORENO,89,44.0,4,EX-BOURBON
FIDENCIO PECHUGA MEZCAL,MEZCAL JOVEN,"FIDENCIO // OAXACA, MEXICO",3.5,11,OMARI WHEAT,89,47.3,4,UNAGED
FIDENCIO MADRECUIXE MEZCAL,MEZCAL JOVEN,"FIDENCIO // OAXACA, MEXICO",4.42,3,OMARI WHEAT,89,49.4,4,UNAGED
FIDENCIO CLÁSICO MEZCAL,MEZCAL JOVEN,"FIDENCIO // OAXACA, MEXICO",3.68,63,OMARI WHEAT,89,44.0,2,UNAGED
ANTIGUO DE HERRADURA TEQUILA AÑEJO,TEQUILA AÑEJO,"TEQUILA VALLEY, JALISCO, MEXICO",4.2,5,DISTILLER STAFF,89,40.0,2,
ANTIGUO DE HERRADURA TEQUILA REPOSADO,TEQUILA REPOSADO,"TEQUILA VALLEY, JALISCO, MEXICO",3.64,14,DISTILLER STAFF,89,40.0,2,
DON AMADO REPOSADO MEZCAL,MEZCAL REPOSADO,"DON AMADO // OAXACA, MEXICO",4.03,11,OMARI WHEAT,89,45.0,3,
SIEMBRA AZUL BLANCO TEQUILA,TEQUILA BLANCO,"SIEMBRA AZUL // LOS ALTOS, JALISCO, MEXICO",3.91,16,OMARI WHEAT,89,40.0,2,UNAGED
HERRADURA REPOSADO TEQUILA,TEQUILA REPOSADO,"TEQUILA VALLEY, JALISCO, MEXICO",3.87,220,DISTILLER STAFF,89,40.0,2,
MEZCAL PIERDE ALMAS HISTORIC EDITION MAGUEY DE LUMBRE,MEZCAL JOVEN,"OAXACA, MEXICO",3.5,4,OMARI WHEAT,89,49.0,3,
DON AMADO JOVEN RUSTICO MEZCAL,MEZCAL JOVEN,"OAXACA, MEXICO",4.08,16,OMARI WHEAT,89,47.0,2,
PATRÓN AÑEJO TEQUILA,TEQUILA AÑEJO,"PATRÓN // LOS ALTOS, JALISCO, MEXICO",3.74,213,AMANDA SCHUSTER,89,40.0,3,WHITE OAK BARRELS
SUERTE REPOSADO TEQUILA,TEQUILA REPOSADO,"SUERTE // LOS ALTOS, JALISCO, MEXICO",3.75,26,DANIEL DJANG,89,40.0,2,
CHINACO BLANCO TEQUILA,TEQUILA BLANCO,"CHINACO // TAMAULIPAS, MEXICO",3.69,9,DUNCAN MCROBERTS,89,40.0,2,
TEQUILA OCHO AÑEJO LA MAGUEYERA 2014,TEQUILA AÑEJO,"TEQUILA OCHO // LOS ALTOS, JALISCO, MEXICO",4.05,18,AMANDA SCHUSTER,89,40.0,4,
MEZCAL EL SILENCIO JOVEN,MEZCAL JOVEN,"MEZCAL EL SILENCIO // OAXACA, MEXICO",3.81,17,STEPHANIE MORENO,89,40.0,3,UNAGED
QUECHOL WHEELERI SOTOL,SOTOL,QUECHOL SOTOL // MEXICO,,,AMANDA SCHUSTER,88,45.5,3,
ASTRAL TEQUILA REPOSADO,TEQUILA REPOSADO,"ASTRAL // JALISCO, MEXICO",2.5,3,AMANDA SCHUSTER,88,40.0,2,FIRST FILL AMERICAN OAK EX-BOURBON
TEQUILA GRAN SOCIEDAD JOVEN,TEQUILA JOVEN,"TEQUILA GRAN SOCIEDAD // LOS ALTOS, JALISCO, MEXICO",,,STEPHANIE MORENO,88,40.0,5,MEDIUM TOASTED AMERICAN OAK
EL LUCHADOR DISTILL-PROOF BLANCO TEQUILA,TEQUILA BLANCO,"EL LUCHADOR // LOS ALTOS, JALISCO, MEXICO",,,STEPHANIE MORENO,88,55.0,2,
EL LUCHADOR BLANCO TEQUILA,TEQUILA BLANCO,"EL LUCHADOR // LOS ALTOS, JALISCO, MEXICO",,,STEPHANIE MORENO,88,40.0,2,
TEQUILA KOMOS EXTRA AÑEJO,TEQUILA EXTRA AÑEJO,"TEQUILA KOMOS // JALISCO, MEXICO",4.44,10,STEPHANIE MORENO,88,40.0,5,FRENCH EX-WHITE WINE BARRELS AND AMERICAN OAK WHISKEY BARRELS
TRES GENERACIONES AÑEJO CRISTALINO TEQUILA,TEQUILA AÑEJO,"TRES GENERACIONES // JALISCO, MEXICO",4.13,3,STEPHANIE MORENO,88,40.0,3,AMERICAN OAK
TEREMANA TEQUILA AÑEJO,TEQUILA AÑEJO,"TEREMANA TEQUILA // JALISCO, MEXICO",3.89,42,AMANDA SCHUSTER,88,40.0,2,AMERICAN WHISKEY BARRELS
TEQUILA ZARPADO BLANCO,TEQUILA BLANCO,"TEQUILA ZARPADO // TEQUILA VALLEY, JALISCO, MEXICO",4.25,4,AMANDA SCHUSTER,88,40.0,1,
TEQUILA LOBOS 1707 JOVEN,TEQUILA JOVEN,"LOBOS 1707 // LOS ALTOS, JALISCO, MEXICO",4.09,8,AMANDA SCHUSTER,88,40.0,2,FINISHED IN PEDRO XIMÉNEZ WINE BARRELS
EXPRESIONES DEL CORAZÓN WILLIAM LARUE WELLER AÑEJO (2020 RELEASE),TEQUILA AÑEJO,"EXPRESIONES DEL CORAZÓN // LOS ALTOS, JALISCO, MEXICO",5.0,1,STEPHANIE MORENO,88,40.0,3,EX-WILLIAM LARUE WELLER BOURBON BARRELS
LALO TEQUILA,TEQUILA BLANCO,"LALO TEQUILA // LOS ALTOS, JALISCO, MEXICO",4.28,61,STEPHANIE MORENO,88,40.0,2,
CRÁNEO ORGANIC MEZCAL,MEZCAL JOVEN,"123 SPIRITS // OAXACA, MEXICO",3.52,9,STEPHANIE MORENO,88,42.0,2,UNAGED
MIEL DE TIERRA REPOSADO,MEZCAL REPOSADO,"MIEL DE TIERRA // ZACATECAS, MEXICO",4.92,3,JOHN RANKIN,88,40.0,3,"VIRGIN, LOCAL OAK"
BLUE NECTAR AÑEJO FOUNDER'S BLEND TEQUILA,TEQUILA AÑEJO,"BLUE NECTAR // TEQUILA VALLEY, JALISCO, MEXICO",3.98,11,RON BECHTOL,88,40.0,3,CHARRED AMERICAN OAK
PATRÓN REPOSADO TEQUILA,TEQUILA REPOSADO,"PATRÓN // HIGHLANDS, MEXICO",3.33,94,AMANDA SCHUSTER,88,40.0,3,AMERICAN OAK
TEQUILA GALÁN REPOSADO,TEQUILA REPOSADO,"TEQUILA GALÁN // TEQUILA VALLEY, JALISCO, MEXICO",,,AMANDA SCHUSTER,88,40.0,2,VIRGIN WHITE OAK
6 DEGREE TEQUILA REPOSADO,TEQUILA REPOSADO,"SIX DEGREE // JALISCO, MEXICO",4.54,6,AMANDA SCHUSTER,88,40.0,2,FRENCH OAK
MEZCAL MARQUÉS PLATA,MEZCAL JOVEN,"HACIENDA JARAL DE BERRIO // GUANAJUATO, MEXICO",3.63,2,AMANDA SCHUSTER,88,40.0,2,UNAGED
MUCHA LIGA BRAVO BLANCO TEQUILA,TEQUILA BLANCO,"MUCHA LIGA // JALISCO, MEXICO",4.54,6,AMANDA SCHUSTER,88,40.0,2,UNAGED
VILLA LOBOS EXTRA AÑEJO TEQUILA,TEQUILA EXTRA AÑEJO,"VILLA LOBOS // LOS ALTOS, JALISCO , MEXICO",4.0,2,OMARI WHEAT,88,40.0,4,AMERICAN OAK
AGAVE DE CORTÉS AÑEJO MEZCAL,MEZCAL AÑEJO,"AGAVE DE CORTÉS // SANTIAGO MATATLAN, OAXACA , MEXICO",3.5,3,OMARI WHEAT,88,43.0,3,AMERICAN OAK
MEZCAL NUESTRA SOLEDAD SANTIAGO MATATLÁN,MEZCAL JOVEN,"MEZCAL NUESTRA SOLEDAD // OAXACA, MEXICO",3.68,16,JACOB GRIER,88,45.3,2,
MEZCAL NUESTRA SOLEDAD SAN LUIS DEL RIO,MEZCAL JOVEN,"NUESTRA SOLEDAD // OAXACA, MEXICO",4.01,21,JACOB GRIER,88,47.9,2,
MEZCAL NARO'BA JOVEN,MEZCAL JOVEN,"MEZCAL NARO'BA // OAXACA, MEXICO",3.5,1,AMANDA SCHUSTER,88,40.0,3,
EL DECRETO TEQUILA BLANCO,TEQUILA BLANCO,"EL DECRETO // JALISCO, MEXICO",5.0,1,AMANDA SCHUSTER,88,40.0,2,AMERICAN OAK
EMBAJADOR PREMIUM TEQUILA,TEQUILA REPOSADO,"EMBAJADOR // LOS ALTOS, JALISCO, MEXICO",3.75,2,AMANDA SCHUSTER,88,40.0,2,EX-BOURBON AMERICAN WHITE OAK AND EX-COGNAC FRENCH LIMOUSIN OAK
DEL MAGUEY SANTO DOMINGO ALBARRADAS MEZCAL,MEZCAL JOVEN,"DEL MAGUEY // OAXACA, MEXICO",3.84,29,JACOB GRIER,88,48.0,3,UNAGED
SIETE LEGUAS REPOSADO TEQUILA,TEQUILA REPOSADO,"SIETE LEGUAS // LOS ALTOS, JALISCO, MEXICO",4.02,63,JACOB GRIER,88,40.0,2,WHITE OAK
EL JOLGORIO BARRIL MEZCAL,MEZCAL JOVEN,"EL JOLGORIO // OAXACA, MEXICO",3.9,20,OMARI WHEAT,88,47.0,4,
KOCH EL MEZCAL ESPADÍN,MEZCAL JOVEN,"OAXACA, MEXICO",4.26,20,OMARI WHEAT,88,47.0,2,
SCORPION MEZCAL REPOSADO,MEZCAL REPOSADO,"OAXACA, MEXICO",3.31,12,DISTILLER STAFF,88,40.0,2,
DON JULIO REPOSADO TEQUILA,TEQUILA REPOSADO,"DON JULIO // LOS ALTOS, JALISCO, MEXICO",3.89,289,RON BECHTOL,88,40.0,2,AMERICAN WHITE OAK
DULCE VIDA BLANCO 100 PROOF TEQUILA,TEQUILA BLANCO,"DULCE VIDA // LOS ALTOS, JALISCO, MEXICO",4.09,24,RON BECHTOL,88,50.0,2,UNAGED
RIAZUL REPOSADO TEQUILA,TEQUILA REPOSADO,"LOS ALTOS, JALISCO, MEXICO",4.06,13,AMANDA SCHUSTER,88,40.0,3,
LOS AMANTES REPOSADO MEZCAL,MEZCAL REPOSADO,"LOS AMANTES MEZCAL // OAXACA, MEXICO",3.92,19,OMARI WHEAT,88,40.0,3,CLAY AND NEW AMERICAN OAK
MEZCAL PIERDE ALMAS LA PURITITA VERDA,MEZCAL JOVEN,"OAXACA, MEXICO",4.08,7,DANIEL DJANG,88,40.0,2,
CORZO TEQUILA SILVER,TEQUILA BLANCO,"LOS ALTOS, JALISCO, MEXICO",3.66,25,BROCK SCHULTE,88,40.0,3,
CORRALEJO AÑEJO TEQUILA,TEQUILA AÑEJO,"TEQUILA CORRALEJO // GUANAJUATO, MEXICO",3.8,88,AMANDA SCHUSTER,88,40.0,2,AMERICAN OAK
EXPRESIONES DEL CORAZÓN BUFFALO TRACE REPOSADO TEQUILA,TEQUILA REPOSADO,"LOS ALTOS, JALISCO, MEXICO",3.82,18,AMANDA SCHUSTER,88,40.0,3,
CHINACO REPOSADO TEQUILA,TEQUILA REPOSADO,"CHINACO // TAMAULIPAS, MEXICO",3.79,14,STEPHANIE MORENO,88,40.0,2,OAK
TEQUILA TAPATIO REPOSADO,TEQUILA REPOSADO,"TEQUILA TAPATIO // LOS ALTOS, JALISCO, MEXICO",3.77,15,AMANDA SCHUSTER,88,40.0,2,EX-BOURBON
TEQUILA OCHO REPOSADO EL REFUGIO 2012,TEQUILA REPOSADO,"TEQUILA OCHO // LOS ALTOS, JALISCO, MEXICO",5.0,2,BROCK SCHULTE,88,40.0,3,TEQUILA-SEASONED AMERICAN OAK EX-AMERICAN WHISKEY BARRELS
MEZCAL ALIPÚS SANTA ANA DEL RIO,MEZCAL JOVEN,"OAXACA, MEXICO",3.8,20,STEPHANIE MORENO,88,47.9,2,
TEQUILA OCHO PLATA LA MAGUEYERA 2014,TEQUILA BLANCO,"TEQUILA OCHO // LOS ALTOS, JALISCO, MEXICO",4.27,32,AMANDA SCHUSTER,88,40.0,2,
QUECHOL TEXANUM SOTOL,SOTOL,QUECHOL SOTOL // MEXICO,,,AMANDA SCHUSTER,87,46.3,3,
DON JULIO ALMA MIEL,TEQUILA JOVEN,"DON JULIO // LOS ALTOS, JALISCO, MEXICO",3.5,2,AMANDA SCHUSTER,87,40.0,4,FINISHED IN CRÉMANT DU LIMOUX WINE CASKS
TRES GENERACIONES 50TH ANNIVERSARY AÑEJO,TEQUILA AÑEJO,TRES GENERACIONES // MEXICO,,,STEPHANIE MORENO,87,45.0,5,AMERICAN WHITE OAK
CELOSA ROSE TEQUILA,TEQUILA JOVEN,CELOSA TEQUILA // MEXICO,,,STEPHANIE MORENO,87,40.0,4,USED FRENCH OAK NAPA VALLEY RED WINE BARRELS
PATRÓN AHUMADO REPOSADO,TEQUILA REPOSADO,PATRÓN // MEXICO,3.63,2,STEPHANIE MORENO,87,40.0,3,
TEQUILA ZARPADO REPOSADO,TEQUILA REPOSADO,"TEQUILA ZARPADO // TEQUILA VALLEY, JALISCO, MEXICO",4.0,2,AMANDA SCHUSTER,87,40.0,2,EX-KENTUCKY BOURBON BARRELS
PATRÓN AÑEJO TEQUILA SHERRY CASK AGED,TEQUILA AÑEJO,"PATRÓN // JALISCO, MEXICO",3.71,22,JAKE EMEN,87,40.0,3,EX-OLOROSO SHERRY
THE LOST EXPLORER MEZCAL ESPADÍN,MEZCAL JOVEN,"THE LOST EXPLORER // OAXACA, MEXICO",3.63,2,JAKE EMEN,87,42.0,3,
MAESTRO DOBEL 50 EXTRA AÑEJO CRISTALINO TEQUILA,TEQUILA EXTRA AÑEJO,"MAESTRO DOBEL // TEQUILA VALLEY, JALISCO, MEXICO",4.55,14,STEPHANIE MORENO,87,40.0,4,EASTERN EUROPEAN AND AMERICAN OAK BARRELS
PARTIDA AÑEJO CRISTALINO TEQUILA,TEQUILA AÑEJO,"PARTIDA // TEQUILA VALLEY, JALISCO, MEXICO",4.5,1,STEPHANIE MORENO,87,40.0,3,AMERICAN OAK EX-BOURBON (MEDIUM TOAST)
PARTIDA ROBLE FINO REPOSADO,TEQUILA REPOSADO,"PARTIDA // TEQUILA VALLEY, JALISCO, MEXICO",2.5,1,AMANDA SCHUSTER,87,43.0,4,EX-BOURBON AND EX-SINGLE MALT SHERRY-SEASONED CASKS
DOÑA VEGA MEZCAL TOBALÁ,MEZCAL JOVEN,DOÑA VEGA // MEXICO,4.75,1,JAKE EMEN,87,43.0,4,UNAGED
SIEMPRE TEQUILA PLATA,TEQUILA BLANCO,"SIEMPRE // LOS ALTOS, JALISCO, MEXICO",4.24,40,AMANDA SCHUSTER,87,40.0,2,
KIMO SABE MEZCAL JOVEN: ALBEDO,MEZCAL JOVEN,KIMO SABE // MEXICO,3.89,10,AMANDA SCHUSTER,87,43.0,2,
MEZCAL VIEJO INDECENTE ENSAMBLE,MEZCAL JOVEN,"VIEJO INDECENTE // OAXACA, MEXICO",5.0,1,AMANDA SCHUSTER,87,48.0,3,UNAGED
6 DEGREE TEQUILA BLANCO,TEQUILA BLANCO,"SIX DEGREE // JALISCO, MEXICO",5.0,1,AMANDA SCHUSTER,87,40.0,2,STAINLESS STEEL
MEZCAL NUESTRA SOLEDAD LA COMPAÑIA EJUTLA,MEZCAL JOVEN,"MEZCAL NUESTRA SOLEDAD // OAXACA, MEXICO",3.91,18,JACOB GRIER,87,46.4,2,
DEL MAGUEY CREMA DE MEZCAL,MEZCAL JOVEN,"DEL MAGUEY // OAXACA, MEXICO",3.54,48,STEPHANIE MORENO,87,40.0,2,UNAGED
ALACRÁN JOVEN MEZCAL,MEZCAL JOVEN,"AUTÉNTICO ALACRÁN // OAXACA, MEXICO",4.34,20,RON BECHTOL,87,46.0,2,
TATTOO TEQUILA BLANCO,TEQUILA BLANCO,TATTOO TEQUILA // MEXICO,4.5,7,AMANDA SCHUSTER,87,40.0,2,
EMBAJADOR PLATINUM TEQUILA,TEQUILA BLANCO,"EMBAJADOR // LOS ALTOS, JALISCO, MEXICO",3.92,3,AMANDA SCHUSTER,87,40.0,2,
DON PILAR BLANCO TEQUILA,TEQUILA BLANCO,"DON PILAR // LOS ALTOS, JALISCO, MEXICO",,,AMANDA SCHUSTER,87,40.0,2,
MAYALEN AGUA DE JUVENTUD WILD CUPREATA MEZCAL,MEZCAL JOVEN,"MAYALEN // GUERRERO , MEXICO",3.67,3,AMANDA SCHUSTER,87,46.0,3,
MEZCAL MARCA NEGRA TEPEZTATE,MEZCAL JOVEN,"MARCA NEGRA // OAXACA, MEXICO",3.68,8,AMANDA SCHUSTER,87,47.3,4,
EL DIAMANTE DEL CIELO SILVER TEQUILA,TEQUILA BLANCO,"JALISCO, MEXICO",4.88,2,RON BECHTOL,87,40.0,2,
ROCA PATRÓN SILVER TEQUILA,TEQUILA BLANCO,"PATRÓN // LOS ALTOS, JALISCO, MEXICO",3.77,67,STEPHANIE MORENO,87,45.0,3,UNAGED
BRUXO NO. 3 BARRIL MEZCAL,MEZCAL JOVEN,"OAXACA, MEXICO",3.68,10,AMANDA SCHUSTER,87,46.0,3,
OLMECA ALTOS REPOSADO TEQUILA,TEQUILA REPOSADO,"OLMECA ALTOS // LOS ALTOS, JALISCO, MEXICO",3.69,193,DANIEL DJANG,87,40.0,1,
ESPÍRITU LAURO JOVEN MEZCAL,MEZCAL JOVEN,"ESPÍRITU LAURO // OAXACA, MEXICO",4.13,13,AMANDA SCHUSTER,87,40.0,3,UNAGED
CALLE 23 TEQUILA REPOSADO,TEQUILA REPOSADO,"LOS ALTOS, JALISCO, MEXICO",3.85,5,AMANDA SCHUSTER,87,40.0,2,
MONTELOBOS ESPADÍN MEZCAL JOVEN,MEZCAL JOVEN,"MONTELOBOS // OAXACA, MEXICO",3.92,263,OMARI WHEAT,87,43.2,2,UNAGED
MILAGRO SILVER TEQUILA,TEQUILA BLANCO,"MILAGRO // LOS ALTOS, JALISCO, MEXICO",3.56,193,STEPHANIE MORENO,87,40.0,2,
SUERTE BLANCO TEQUILA,TEQUILA BLANCO,"LOS ALTOS, JALISCO, MEXICO",3.66,20,DANIEL DJANG,87,40.0,2,
AVIÓN SILVER TEQUILA,TEQUILA BLANCO,"AVIÓN // LOS ALTOS, JALISCO, MEXICO",3.58,97,JOHN RANKIN,87,40.0,2,
MEZCAL EL SILENCIO ESPADÍN,MEZCAL JOVEN,"MEZCAL EL SILENCIO // OAXACA, MEXICO",3.69,98,STEPHANIE MORENO,87,43.0,2,UNAGED
SUERTE STILL STRENGTH BLANCO TEQUILA,TEQUILA BLANCO,SUERTE // MEXICO,4.5,2,AMANDA SCHUSTER,86,52.0,3,
TEQUILA KOMOS AÑEJO RESERVA,TEQUILA AÑEJO,"TEQUILA KOMOS // JALISCO, MEXICO",4.88,4,STEPHANIE MORENO,86,40.0,5,"FRENCH OAK WINE, AMERICAN BOURBON, AND SHERRY CASKS"
ASTRAL TEQUILA AÑEJO,TEQUILA AÑEJO,"ASTRAL // JALISCO, MEXICO",3.0,2,AMANDA SCHUSTER,86,40.0,2,FIRST FILL AMERICAN OAK EX-BOURBON
TEQUILA OCHO REPOSADO BARREL SELECT WIDOW JANE 2022,TEQUILA REPOSADO,"TEQUILA OCHO // JALISCO, MEXICO",4.44,8,STEPHANIE MORENO,86,45.5,3,EX-WIDOW JANE BOURBON BARRELS
TRES GENERACIONES LA COLONIAL REPOSADO TEQUILA,TEQUILA REPOSADO,"TRES GENERACIONES // TEQUILA VALLEY, JALISCO, MEXICO",5.0,1,STEPHANIE MORENO,86,45.0,4,CHARRED AMERICAN OAK
TEQUILA ETERNO VERANO REPOSADO,TEQUILA REPOSADO,"ETERNO VERANO // TEQUILA VALLEY, JALISCO, MEXICO",4.0,1,AMANDA SCHUSTER,86,40.0,3,WHISKEY BARRELS
DON JULIO PRIMAVERA,TEQUILA REPOSADO,"DON JULIO // LOS ALTOS, JALISCO, MEXICO",3.94,32,JAKE EMEN,86,40.0,4,ORANGE WINE CASKS
THE LOST EXPLORER MEZCAL SALMIANA,MEZCAL JOVEN,"THE LOST EXPLORER // OAXACA, MEXICO",4.5,3,JAKE EMEN,86,42.0,5,
MIJENTA TEQUILA BLANCO,TEQUILA BLANCO,"MIJENTA // LOS ALTOS, JALISCO, MEXICO",4.22,31,JAKE EMEN,86,40.0,2,UNAGED
JOSE CUERVO RESERVA DE LA FAMILIA REPOSADO,TEQUILA REPOSADO,"JOSE CUERVO // JALISCO, MEXICO",3.97,8,JAKE EMEN,86,40.0,4,"HEAVY-TOASTED AMERICAN OAK, LIGHTLY-TOASTED AMERICAN OAK, AND LIGHTLY-TOASTED FRENCH OAK"
ABRE OJOS REPOSADO,TEQUILA REPOSADO,"ABRE OJOS // JALISCO, MEXICO",4.25,1,JACK ROBERTIELLO,86,40.0,2,AMERICAN OAK
CÓDIGO 1530 AÑEJO TEQUILA,TEQUILA AÑEJO,"CÓDIGO 1530 // JALISCO, MEXICO",4.3,42,COLIN HOWARD,86,40.0,4,EX-NAPA CABERNET SAUVIGNON FRENCH WHITE OAK BARRELS
LA CAVA DE DON SAMUEL TEQUILA REPOSADO,TEQUILA REPOSADO,"LA CAVA DE DON SAMUEL // JALISCO, MEXICO",3.0,1,AMANDA SCHUSTER,86,40.0,2,"EX-BOURBON, OTHER UNSPECIFIED OAK"
MEZCAL MARQUÉS REPOSADO,MEZCAL REPOSADO,"HACIENDA JARAL DE BERRIO // GUANAJUATO, MEXICO",4.0,5,AMANDA SCHUSTER,86,40.0,3,AMERICAN OAK
MUCHA LIGA CANIBAL REPOSADO TEQUILA,TEQUILA REPOSADO,"MUCHA LIGA // JALISCO, MEXICO",4.79,7,AMANDA SCHUSTER,86,40.0,2,EX-BOURBON
TEQUILA REGIONAL BLANCO,TEQUILA BLANCO,"TEQUILA REGIONAL // TEQUILA VALLEY, JALISCO, MEXICO",,,KELLEY SLAGLE,86,40.0,2,
MILAGRO SELECT BARREL RESERVE REPOSADO TEQUILA,TEQUILA REPOSADO,"MILAGRO // LOS ALTOS, JALISCO, MEXICO",3.73,28,KATRINA NIEMISTO,86,40.0,3,FRENCH AND AMERICAN OAK BARRELS
EL DIAMANTE DEL CIELO AÑEJO TEQUILA,TEQUILA AÑEJO,"JALISCO, MEXICO",4.38,2,RON BECHTOL,86,40.0,3,
EL DIAMANTE DEL CIELO REPOSADO TEQUILA,TEQUILA REPOSADO,"JALISCO, MEXICO",4.5,2,RON BECHTOL,86,40.0,2,
ROCA PATRÓN REPOSADO TEQUILA,TEQUILA REPOSADO,"PATRÓN // LOS ALTOS, JALISCO, MEXICO",4.02,38,STEPHANIE MORENO,86,42.0,3,EX-BOURBON
TEQUILA PUEBLO VIEJO AÑEJO,TEQUILA AÑEJO,"TEQUILA PUEBLO VIEJO // LOS ALTOS, JALISCO, MEXICO",3.97,9,DUNCAN MCROBERTS,86,40.0,2,AMERICAN OAK
CRUZ DEL SOL AÑEJO TEQUILA,TEQUILA AÑEJO,"LOS ALTOS, JALISCO, MEXICO",4.63,4,BROCK SCHULTE,86,40.0,3,
RIAZUL AÑEJO TEQUILA,TEQUILA AÑEJO,"LOS ALTOS, JALISCO, MEXICO",4.11,59,AMANDA SCHUSTER,86,40.0,3,
OLMECA ALTOS PLATA TEQUILA,TEQUILA BLANCO,"OLMECA ALTOS // LOS ALTOS, JALISCO, MEXICO",3.63,213,DANIEL DJANG,86,40.0,1,
TEQUILA AMATE SILVER,TEQUILA BLANCO,"TEQUILA VALLEY, JALISCO, MEXICO",3.67,4,BROCK SCHULTE,86,40.0,2,
BLUE NECTAR REPOSADO EXTRA BLEND TEQUILA,TEQUILA REPOSADO,"TEQUILA VALLEY, JALISCO, MEXICO",3.81,9,AMANDA SCHUSTER,86,40.0,2,
EL JIMADOR BLANCO TEQUILA,TEQUILA BLANCO,"TEQUILA VALLEY, JALISCO, MEXICO",3.25,157,DISTILLER STAFF,86,40.0,1,
IXÁ ORGANIC SILVER TEQUILA,TEQUILA BLANCO,"IXÁ // TEQUILA VALLEY, JALISCO, MEXICO",3.71,6,STEPHANIE MORENO,86,40.0,2,UNAGED
TEQUILA PUEBLO VIEJO BLANCO,TEQUILA BLANCO,"PUEBLO VIEJO // LOS ALTOS, JALISCO, MEXICO",4.28,8,AMANDA SCHUSTER,86,40.0,1,
EXPRESIONES DEL CORAZÓN OLD RIP VAN WINKLE AÑEJO (2ND RELEASE),TEQUILA AÑEJO,"TEQUILA CORAZÓN // LOS ALTOS, JALISCO, MEXICO",3.0,2,AMANDA SCHUSTER,86,40.0,4,EX-BOURBON
MIJENTA TEQUILA CRISTALINO,TEQUILA REPOSADO,"MIJENTA // LOS ALTOS, JALISCO, MEXICO",4.75,1,AMANDA SCHUSTER,85,40.0,4,"USED AMERICAN OAK, VIRGIN AMERICAN OAK, EX-SHERRY"
TEQUILA OCHO AÑEJO BARREL SELECT WIDOW JANE 2024,TEQUILA AÑEJO,TEQUILA OCHO // MEXICO,4.13,2,STEPHANIE MORENO,85,48.0,4,EX-WIDOW JANE BOURBON BARRELS
EL TESORO MUNDIAL COLLECTION: KNOB CREEK EDITION (2023 RELEASE),TEQUILA AÑEJO,"EL TESORO // LOS ALTOS, JALISCO, MEXICO",5.0,1,STEPHANIE MORENO,85,40.0,5,KNOB CREEK RYE WHISKEY BARRELS
ALMA DEL JAGUAR REPOSADO TEQUILA,TEQUILA REPOSADO,"ALMA DEL JAGUAR // LOS ALTOS, JALISCO, MEXICO",3.75,5,AMANDA SCHUSTER,85,40.0,3,AMERICAN AND FRENCH OAK
DEL MAGUEY VIDA PUEBLA,MEZCAL JOVEN,"DEL MAGUEY // PUEBLA, MEXICO",4.06,4,STEPHANIE MORENO,85,40.0,2,
PATRÓN EL ALTO TEQUILA,TEQUILA REPOSADO,"PATRÓN // LOS ALTOS, JALISCO, MEXICO",4.33,9,STEPHANIE MORENO,85,40.0,5,VARIOUS INCLUDING AMERICAN OAK BODY/FRENCH OAK HEAD HYBRID BARRELS
SEVERO TEQUILA AÑEJO,TEQUILA AÑEJO,"TEQUILA SEVERO // JALISCO, MEXICO",4.05,5,AMANDA SCHUSTER,85,40.0,3,WHITE AMERICAN OAK
PAQUÍ TEQUILA SILVERA,TEQUILA BLANCO,"PAQUÍ TEQUILA // LOS ALTOS, JALISCO, MEXICO",,,JAKE EMEN,85,40.0,2,
TEQUILA LOBOS 1707 REPOSADO,TEQUILA REPOSADO,"LOBOS 1707 // LOS ALTOS, JALISCO, MEXICO",3.79,6,JAKE EMEN,85,40.0,2,"AMERICAN WHITE OAK, FINISHED IN PEDRO XIMÉNEZ BARRELS"
TEREMANA TEQUILA BLANCO,TEQUILA BLANCO,"TEREMANA TEQUILA // LOS ALTOS, JALISCO, MEXICO",3.62,202,JAKE EMEN,85,40.0,2,UNAGED
PARTIDA SINGLE BARREL REPOSADO TEQUILA,TEQUILA REPOSADO,"PARTIDA // TEQUILA VALLEY, JALISCO, MEXICO",4.5,1,COLIN HOWARD,85,40.0,3,AMERICAN OAK
TEQUILA EL MAYOR CRISTALINO,TEQUILA AÑEJO,"TEQUILA EL MAYOR // JALISCO, MEXICO",3.89,11,ANNA ARCHIBALD,85,40.0,2,AMERICAN OAK
PASOTE TEQUILA AÑEJO,TEQUILA AÑEJO,"PASOTE // LOS ALTOS, JALISCO, MEXICO",3.83,18,FORREST COKELY,85,40.0,3,EX-BOURBON
KIMO SABE MEZCAL REPOSADO: RUBEDO,MEZCAL REPOSADO,KIMO SABE // MEXICO,3.7,5,AMANDA SCHUSTER,85,42.7,2,AMERICAN OAK
ARTA TEQUILA SILVER,TEQUILA BLANCO,"ARTA TEQUILA // TEQUILA VALLEY, JALISCO, MEXICO",3.33,3,AMANDA SCHUSTER,85,40.0,2,UNAGED
MEZCALES DE LEYENDA GUERRERO,MEZCAL JOVEN,"MEZCAL DE LEYENDAS // GUERRERO, MEXICO",4.03,26,KELLEY SLAGLE,85,42.0,3,NONE
GRACIAS A DIOS MEZCAL ESPADÍN JOVEN,MEZCAL JOVEN,"GRACIAS A DIOS // OAXACA, MEXICO",4.18,37,AMANDA SCHUSTER,85,45.0,2,
DOS ARMADILLOS TEQUILA PLATA,TEQUILA BLANCO,"DOS ARMADILLOS // JALISCO, MEXICO",3.0,2,AMANDA SCHUSTER,85,40.0,2,
MEZCAL MALA IDEA CUISHE SILVESTRE,MEZCAL JOVEN,"MALA IDEA // OAXACA, MEXICO",4.67,9,AMANDA SCHUSTER,85,48.0,2,NONE
TEQUILA CHAMUCOS BLANCO,TEQUILA BLANCO,"CHAMUCOS // JALISCO , MEXICO",3.39,19,AMANDA SCHUSTER,85,40.0,2,
EL DECRETO TEQUILA REPOSADO,TEQUILA REPOSADO,"EL DECRETO // JALISCO, MEXICO",3.0,1,AMANDA SCHUSTER,85,40.0,2,EX-BOURBON
TEQUILA ORGULLO PUEBLO VIEJO REPOSADO,TEQUILA REPOSADO,"TEQUILA ORGULLO PUEBLO VIEJO // LOS ALTOS, JALISCO, MEXICO",3.5,1,RON BECHTOL,85,40.0,1,
TEQUILA 1921 REPOSADO,TEQUILA REPOSADO,"LOS ALTOS, JALISCO, MEXICO",3.79,7,AMANDA SCHUSTER,85,40.0,2,
LA VENENOSA SIERRA RAICILLA (BLACK LABEL),RAICILLA,"JALISCO, MEXICO",3.21,18,OMARI WHEAT,85,42.0,3,
EL BUHO MEZCAL,MEZCAL JOVEN,"OAXACA, MEXICO",3.74,47,STEPHANIE MORENO,85,43.0,2,UNAGED
HERRADURA COLECCIÓN DE LA CASA RESERVA 2013 COGNAC CASK FINISH REPOSADO,TEQUILA REPOSADO,"TEQUILA VALLEY, JALISCO, MEXICO",4.25,4,DISTILLER STAFF,85,40.0,4,
CALLE 23 TEQUILA AÑEJO,TEQUILA AÑEJO,"LOS ALTOS, JALISCO, MEXICO",3.83,3,AMANDA SCHUSTER,85,40.0,2,
CALLE 23 TEQUILA BLANCO,TEQUILA BLANCO,"LOS ALTOS, JALISCO, MEXICO",3.58,6,AMANDA SCHUSTER,85,40.0,2,
CORRALEJO SILVER TEQUILA,TEQUILA BLANCO,"GUANAJUATO, MEXICO",3.72,69,AMANDA SCHUSTER,85,40.0,2,
TEQUILA OCHO REPOSADO LOS FRESNOS 2013,TEQUILA REPOSADO,"TEQUILA OCHO // LOS ALTOS, JALISCO, MEXICO",,,BROCK SCHULTE,85,40.0,3,TEQUILA-SEASONED AMERICAN OAK EX-AMERICAN WHISKEY BARRELS
TEQUILA OCHO PLATA LOS FRESNOS 2013,TEQUILA BLANCO,"TEQUILA OCHO // LOS ALTOS, JALISCO, MEXICO",4.31,4,BROCK SCHULTE,85,40.0,2,
PURASANGRE REPOSADO TEQUILA,TEQUILA REPOSADO,"PURASANGRE TEQUILA // LOS ALTOS, JALISCO, MEXICO",3.63,2,STEPHANIE MORENO,85,40.0,2,FRENCH OAK
TEQUILA PUEBLO VIEJO REPOSADO,TEQUILA REPOSADO,"PUEBLO VIEJO // LOS ALTOS, JALISCO, MEXICO",3.69,4,AMANDA SCHUSTER,85,40.0,2,EX-BOURBON
CASAMIGOS CRISTALINO TEQUILA,TEQUILA REPOSADO,"CASAMIGOS // LOS ALTOS, JALISCO, MEXICO",3.63,2,STEPHANIE MORENO,84,40.0,3,AMERICAN WHITE OAK BARRELS
CENOTE AHUMADO TEQUILA,TEQUILA REPOSADO,CENOTE // MEXICO,,,AMANDA SCHUSTER,84,40.0,3,OAK
GRAN CENTENARIO CRISTALINO,TEQUILA AÑEJO,"GRAN CENTENARIO // JALISCO, MEXICO",4.25,5,STEPHANIE MORENO,84,40.0,3,AMERICAN OAK AND CALVADOS CASKS
PELOTÓN DE LA MUERTE PECHUGA,MEZCAL JOVEN,"PELOTÓN DE LA MUERTE // GUERRERO, MEXICO",3.63,2,JAKE EMEN,84,45.1,2,
DAHLIA CRISTALINO TEQUILA,TEQUILA REPOSADO,"TEQUILA DAHLIA // TEQUILA VALLEY, JALISCO, MEXICO",2.83,3,AMANDA SCHUSTER,84,40.0,2,WHITE OAK
STORYWOOD TEQUILA SPEYSIDE 14 AÑEJO,TEQUILA AÑEJO,STORYWOOD // MEXICO,4.0,1,STEPHANIE MORENO,84,40.0,4,SPEYSIDE SINGLE MALT SCOTCH WHISKY BARRELS
CINCORO BLANCO,TEQUILA BLANCO,"CINCORO // JALISCO, MEXICO",4.13,18,JAKE EMEN,84,40.0,3,
EXPRESIONES DEL CORAZÓN SAZERAC RYE AÑEJO (2019 RELEASE),TEQUILA AÑEJO,"EXPRESIONES DEL CORAZÓN // LOS ALTOS, JALISCO, MEXICO",4.25,2,ANNA ARCHIBALD,84,45.0,3,USED SAZERAC RYE BARRELS
CONVITE MEZCAL ESPADIN MADRECUISHE,MEZCAL JOVEN,"CONVITE // OAXACA, MEXICO",3.88,7,STEPHANIE MORENO,84,42.0,3,UNAGED
MIEL DE TIERRA JOVEN,MEZCAL JOVEN,"MIEL DE TIERRA // ZACATECAS, MEXICO",4.0,4,JOHN RANKIN,84,40.0,2,UNAGED
4 COPAS TEQUILA REPOSADO,TEQUILA REPOSADO,"4 COPAS // JALISCO, MEXICO",3.94,4,JACK ROBERTIELLO,84,40.0,2,AMERICAN OAK
CASA DRAGONES TEQUILA BLANCO,TEQUILA BLANCO,CASA DRAGONES // MEXICO,3.88,94,STEPHANIE MORENO,84,40.0,3,UNAGED
AGAVE DE CORTÉS REPOSADO MEZCAL,MEZCAL REPOSADO,"AGAVE DE CORTÉS // SANTIAGO MATATLAN, OAXACA, MEXICO",,,OMARI WHEAT,84,43.0,2,AMERICAN OAK
DOS ARMADILLOS TEQUILA REPOSADO,TEQUILA REPOSADO,"DOS ARMADILLOS // JALISCO, MEXICO",3.38,4,AMANDA SCHUSTER,84,40.0,3,EX-BOURBON
TEQUILA CABRITO BLANCO,TEQUILA BLANCO,"CABRITO // TEQUILA, MEXICO",2.94,9,KELLEY SLAGLE,84,40.0,1,
QUI PLATINUM EXTRA AÑEJO TEQUILA,TEQUILA EXTRA AÑEJO,"QUI // JALISCO, MEXICO",4.31,46,DANIEL DJANG,84,40.0,3,EX-BOURBON & EX-BORDEAUX WINE CASKS
MEZCAL VAGO ENSAMBLE EN BARRO,MEZCAL JOVEN,"MEZCAL VAGO // OAXACA, MEXICO",4.12,23,DUNCAN MCROBERTS,84,50.3,3,UNAGED
TEQUILA 1921 BLANCO,TEQUILA BLANCO,"LOS ALTOS, JALISCO, MEXICO",4.38,4,AMANDA SCHUSTER,84,40.0,2,
CORAZÓN AÑEJO TEQUILA,TEQUILA AÑEJO,"LOS ALTOS, JALISCO, MEXICO",3.66,29,BROCK SCHULTE,84,40.0,2,
EXCELLIA TEQUILA AÑEJO,TEQUILA AÑEJO,"EXCELLIA // LOS ALTOS, JALISCO, MEXICO",3.94,4,AMANDA SCHUSTER,84,40.0,3,EX-COGNAC & EX-SAUTERNES WINE CASKS
TEQUILA AMATE AÑEJO,TEQUILA AÑEJO,"TEQUILA VALLEY, JALISCO, MEXICO",3.88,2,BROCK SCHULTE,84,40.0,2,
MEZCAL SANTA PEDRERA,MEZCAL JOVEN,"OAXACA, MEXICO",4.5,7,AMANDA SCHUSTER,84,46.0,2,
BLUE NECTAR SILVER TEQUILA,TEQUILA BLANCO,"BLUE NECTAR // TEQUILA VALLEY, JALISCO, MEXICO",3.44,13,AMANDA SCHUSTER,84,40.0,2,UNAGED
CORAZÓN REPOSADO TEQUILA,TEQUILA REPOSADO,"LOS ALTOS, JALISCO, MEXICO",3.59,24,BROCK SCHULTE,84,40.0,2,
MILAGRO AÑEJO TEQUILA,TEQUILA AÑEJO,"MILAGRO // LOS ALTOS, JALISCO, MEXICO",3.5,56,RON BECHTOL,84,40.0,2,AMERICAN OAK
MILAGRO REPOSADO TEQUILA,TEQUILA REPOSADO,"MILAGRO // LOS ALTOS, JALISCO, MEXICO",3.59,96,RON BECHTOL,84,40.0,1,AMERICAN OAK
CAZADORES EXTRA AÑEJO TEQUILA,TEQUILA EXTRA AÑEJO,"CAZADORES // LOS ALTOS, JALISCO, MEXICO",3.8,18,RYAN CONKLIN,84,40.0,3,VIRGIN AMERICAN OAK
CASA NOBLE CRYSTAL TEQUILA,TEQUILA BLANCO,"CASA NOBLE // TEQUILA VALLEY, JALISCO, MEXICO",3.45,68,BROCK SCHULTE,84,40.0,2,
TEQUILA EL MAYOR AÑEJO,TEQUILA AÑEJO,"TEQUILA EL MAYOR // JALISCO, MEXICO",3.98,83,RON BECHTOL,84,40.0,2,AMERICAN OAK
DEL MAGUEY VIDA MEZCAL,MEZCAL JOVEN,"DEL MAGUEY // OAXACA, MEXICO",3.59,367,RON BECHTOL,84,42.0,2,UNAGED
HERRADURA SILVER TEQUILA,TEQUILA BLANCO,"TEQUILA VALLEY, JALISCO, MEXICO",3.68,155,DUNCAN MCROBERTS,84,40.0,2,
AVIÓN AÑEJO TEQUILA,TEQUILA AÑEJO,"AVIÓN // LOS ALTOS, JALISCO, MEXICO",3.77,55,BROCK SCHULTE,84,40.0,3,EX-BOURBON
TEQUILA OCHO PLATA LAS POMEZ 2009,TEQUILA BLANCO,"TEQUILA OCHO // LOS ALTOS, JALISCO, MEXICO",,,BROCK SCHULTE,84,40.0,2,
